annonce_id,date_publication,titre,ville,quartier,type_bien,transaction,prix,surface,nb_chambres,nb_salles_bain,etage,annee_construction,prix_m2,age_bien,categorie_prix,categorie_surface,annee_publication,mois_publication,trimestre_publication
ANO000343,2023-05-05,Terrain moderne Meknès,meknès,Hamria,terrain,vente,811401.04,314.4,0.0,1.0,0.0,2014.0,2580.792111959288,12.0,Moyen,Grand,2023,5,2
ANO001296,2023-08-20,Terrain moderne Kenitra,kenitra,Centre,terrain,location,3843.55,36.46,0.0,0.0,1.0,2008.0,105.41826659352715,18.0,Economique,Petit,2023,8,3
ANO001212,2023-06-20,Appartement moderne Oujda,oujda,Hay Qods,appartement,location,9190.7,95.54,2.0,2.0,1.0,2012.0,96.19740422859536,14.0,Economique,Moyen,2023,6,2
ANO001000,2024-01-21,Appartement à vente - Tanger,tanger,Inconnu,appartement,vente,30000.0,93.35,1.0,1.0,3.0,2008.0,321.3711837171934,18.0,Economique,Moyen,2024,1,1
ANO001123,2024-03-19,Beau Villa Rabat,rabat,Souissi,villa,location,20844.72,264.22,3.0,1.0,0.0,2006.0,78.89152978578457,20.0,Economique,Grand,2024,3,1
ANO000927,2024-03-19,Appartement 96m² Talborjt,agadir,Talborjt,appartement,vente,542588.3,96.99,3.0,1.0,4.0,2016.0,5594.270543354985,10.0,Moyen,Moyen,2024,3,1
ANO000511,2023-06-12,Bureau à vente - Tanger,tanger,Inconnu,bureau,vente,1256354.5,49.26,0.0,0.0,1.0,2012.0,25504.557450263907,14.0,Moyen,Petit,2023,6,2
ANO000608,2023-08-17,Appartement moderne Rabat,rabat,Agdal,appartement,vente,2030740.75,79.38,1.0,1.0,1.0,2008.0,25582.52393550013,18.0,Haut Standing,Petit,2023,8,3
ANO000153,2024-10-16,Appartement moderne Fès,fès,Zouagha,appartement,vente,537156.36,59.12,1.0,1.0,8.0,1991.0,9085.865358592693,35.0,Moyen,Petit,2024,10,4
ANO000720,2024-09-12,Beau Appartement Agadir,agadir,Talborjt,appartement,vente,511874.19,117.04,2.0,2.0,1.0,2014.0,4373.497863978127,12.0,Moyen,Moyen,2024,9,3
ANO000965,2023-12-08,Villa moderne Fès,fès,Medina,villa,location,180.0,267.23,5.0,2.0,0.0,2007.0,0.6735770684429143,19.0,Economique,Grand,2023,12,4
ANO000532,2023-02-04,Beau Appartement Meknès,meknès,Hamria,appartement,location,9446.3,25.93,3.0,2.0,0.0,2001.0,364.30003856536825,25.0,Economique,Petit,2023,2,1
ANO000544,2024-02-12,Beau Appartement Oujda,oujda,Hay Qods,appartement,vente,652332.84,97.12,3.0,2.0,1.0,2003.0,6716.771416803953,23.0,Moyen,Moyen,2024,2,1
ANO000172,2023-07-15,Beau Appartement Casablanca,casablanca,Californie,appartement,location,1764.37,70.58,2.0,1.0,1.0,2011.0,24.99815811844715,15.0,Economique,Petit,2023,7,3
ANO001227,2024-07-04,Villa moderne Tétouan,tétouan,Inconnu,villa,location,11183.41,243.3,5.0,2.0,0.0,2001.0,45.965515824085486,25.0,Economique,Grand,2024,7,3
ANO000102,2023-08-24,Appartement à location - Tanger,tanger,Centre Ville,appartement,location,8976.59,84.48,2.0,1.0,1.0,2010.0,106.25698390151514,16.0,Economique,Moyen,2023,8,3
ANO000947,2023-05-29,Appartement à vente - Marrakech,marrakech,Gueliz,appartement,vente,816253.63,81.02,3.0,2.0,7.0,2012.0,10074.717724018761,14.0,Moyen,Moyen,2023,5,2
ANO000946,2024-05-29,Appartement à location - Oujda,oujda,Inconnu,appartement,location,2056.08,132.6,3.0,2.0,1.0,2023.0,15.505882352941176,3.0,Economique,Moyen,2024,5,2
ANO000155,2024-09-20,Bureau 128m² Hay Qods,oujda,Hay Qods,bureau,vente,920109.8,128.56,0.0,0.0,3.0,2008.0,7157.04573739888,18.0,Moyen,Moyen,2024,9,3
ANO001240,2024-11-24,Beau Duplex Fès,fès,Zouagha,duplex,vente,3184749.75,140.93,3.0,1.0,3.0,1998.0,22598.09657276662,28.0,Luxe,Moyen,2024,11,4
ANO000755,2024-11-11,Beau Appartement Casablanca,casablanca,Maarif,appartement,vente,2494312.88,58.22,3.0,1.0,2.0,2010.0,42842.8869804191,16.0,Haut Standing,Petit,2024,11,4
ANO000371,2023-07-28,Terrain à vente - Marrakech,marrakech,Hivernage,terrain,vente,742795.28,326.09,0.0,0.0,1.0,2016.0,2277.884265080193,10.0,Moyen,Grand,2023,7,3
ANO000518,2023-02-23,Appartement moderne Meknès,meknès,Inconnu,appartement,location,2102.24,63.05,3.0,2.0,0.0,2003.0,33.342426645519424,23.0,Economique,Petit,2023,2,1
ANO001464,2023-01-28,Beau Terrain Rabat,rabat,Hay Riad,terrain,vente,975589.83,361.79,0.0,0.0,0.0,2012.0,2696.563835374112,14.0,Moyen,Grand,2023,1,1
ANO001497,2023-09-10,Beau Bureau Meknès,meknès,Ville Nouvelle,bureau,location,6209.83,120.05,0.0,0.0,1.0,2013.0,51.727030403998334,13.0,Economique,Moyen,2023,9,3
ANO000276,2023-10-24,Beau Villa Marrakech,marrakech,Medina,villa,vente,2926692.24,376.37,3.0,1.0,0.0,2005.0,7776.103940271541,21.0,Haut Standing,Grand,2023,10,4
ANO000058,2024-07-23,Terrain à location - Fès,fès,Medina,terrain,location,2221.03,290.75,3.0,0.0,0.0,2005.0,7.63896818572657,21.0,Economique,Grand,2024,7,3
ANO001110,2024-11-20,Duplex moderne Marrakech,marrakech,Targa,duplex,location,5785.75,95.39,3.0,1.0,1.0,2016.0,60.65363245623231,10.0,Economique,Moyen,2024,11,4
ANO000079,2024-01-15,Villa moderne Fès,fès,Ville Nouvelle,villa,vente,3271972.04,300.71,3.0,2.0,0.0,1969.0,10880.822187489608,57.0,Luxe,Grand,2024,1,1
ANO000724,2023-10-12,Beau Appartement Tanger,tanger,Inconnu,appartement,vente,605963.0,109.68,2.0,1.0,1.0,2009.0,5524.826768781911,17.0,Moyen,Moyen,2023,10,4
ANO000034,2024-05-17,Appartement à vente - Rabat,rabat,Ocean,appartement,vente,521849.54,49.62,3.0,1.0,1.0,1993.0,10516.919387343813,33.0,Moyen,Petit,2024,5,2
ANO000723,2024-02-12,Beau Villa Fès,fès,Zouagha,villa,location,19134.85,149.39,5.0,2.0,0.0,1996.0,128.08655197804404,30.0,Economique,Moyen,2024,2,1
ANO000932,1900-01-01,Villa 247m² Centre Ville,tanger,Centre Ville,villa,vente,1736650.85,247.48,6.0,3.0,1.0,2003.0,7017.338168740909,23.0,Haut Standing,Grand,1900,1,1
ANO000898,2023-09-27,Terrain moderne Tanger,tanger,Iberia,terrain,location,2907.1,295.28,3.0,0.0,0.0,2008.0,9.845231644540775,18.0,Economique,Grand,2023,9,3
ANO001322,2024-11-20,Beau Villa Oujda,oujda,Hay Qods,villa,vente,2584419.84,201.34,6.0,4.0,0.0,2012.0,12836.09734776994,14.0,Haut Standing,Grand,2024,11,4
ANO001446,2024-12-11,Beau Appartement Casablanca,casablanca,Bourgogne,inconnu,vente,472531.35,43.47,2.0,2.0,0.0,2007.0,10870.286404416838,19.0,Economique,Petit,2024,12,4
ANO000652,2023-05-19,Beau Bureau Tétouan,tétouan,M'diq,bureau,vente,938493.46,96.17,0.0,0.0,1.0,2020.0,9758.692523656026,6.0,Moyen,Moyen,2023,5,2
ANO001211,2023-11-04,Terrain moderne Meknès,meknès,Hamria,terrain,inconnu,978932.34,223.89,0.0,0.0,0.0,2008.0,4372.380812005896,18.0,Moyen,Grand,2023,11,4
ANO000305,2024-08-10,Appartement à vente - Marrakech,marrakech,Targa,appartement,vente,579926.04,124.44,1.0,1.0,2.0,2009.0,4660.2864030858245,17.0,Moyen,Moyen,2024,8,3
ANO001067,1900-01-01,Villa 284m² Tanger,tanger,Inconnu,villa,location,8055.36,284.99,4.0,3.0,0.0,2008.0,28.265412821502508,18.0,Economique,Grand,1900,1,1
ANO001304,2024-12-20,Villa à vente - Kenitra,kenitra,Centre,villa,vente,4894844.8,136.78,5.0,2.0,0.0,2011.0,35786.26114929083,15.0,Luxe,Moyen,2024,12,4
ANO000581,2023-07-13,Villa moderne Casablanca,casablanca,Bourgogne,villa,vente,2147775.39,236.49,3.0,1.0,0.0,2001.0,9081.886718254473,25.0,Haut Standing,Grand,2023,7,3
ANO001237,2024-05-16,Appartement 85m² Marrakech,marrakech,Inconnu,appartement,vente,2169626.74,85.99,3.0,1.0,0.0,2008.0,25231.151761832774,18.0,Haut Standing,Moyen,2024,5,2
ANO000582,2023-07-17,Appartement moderne Marrakech,marrakech,Hivernage,appartement,location,9859.01,61.82,3.0,2.0,2.0,2011.0,159.47929472662568,15.0,Economique,Petit,2023,7,3
ANO000191,1900-01-01,Beau Appartement Rabat,rabat,Souissi,appartement,vente,2007367.35,126.91,3.0,1.0,2.0,2004.0,15817.251201638957,22.0,Haut Standing,Moyen,1900,1,1
ANO000797,2024-06-08,Beau Villa Tétouan,tétouan,M'diq,villa,vente,2645099.21,332.82,4.0,2.0,0.0,2008.0,7947.536836728562,18.0,Haut Standing,Grand,2024,6,2
ANO001019,2023-07-27,Villa moderne Tétouan,tétouan,Inconnu,villa,vente,3067468.29,181.46,4.0,2.0,0.0,2008.0,16904.377218119695,18.0,Luxe,Grand,2023,7,3
ANO000808,2024-03-13,Villa 231m² Ville Nouvelle,fès,Ville Nouvelle,villa,vente,2784795.0,231.65,5.0,2.0,0.0,1999.0,12021.562702352687,27.0,Haut Standing,Grand,2024,3,1
ANO000140,2024-11-20,Beau Duplex Casablanca,casablanca,Maarif,duplex,vente,1869404.78,208.96,4.0,3.0,0.0,2001.0,8946.23267611026,25.0,Haut Standing,Grand,2024,11,4
ANO001004,2023-01-17,Beau Bureau Marrakech,marrakech,Inconnu,bureau,vente,1011550.14,116.25,0.0,0.0,7.0,2008.0,8701.506580645162,18.0,Moyen,Moyen,2023,1,1
ANO000298,2023-10-31,Bureau à vente - Meknès,meknès,Inconnu,bureau,vente,1402909.61,162.67,3.0,0.0,5.0,2008.0,8624.267596975473,18.0,Moyen,Grand,2023,10,4
ANO000290,2023-04-13,Appartement moderne Tétouan,tétouan,Centre,appartement,vente,590134.81,101.46,3.0,2.0,4.0,2024.0,5816.428247585256,2.0,Moyen,Moyen,2023,4,2
ANO000236,2023-04-19,Beau Villa Tétouan,tétouan,M'diq,villa,vente,2503004.98,147.57,4.0,3.0,0.0,2024.0,16961.47577420885,2.0,Haut Standing,Moyen,2023,4,2
ANO000484,2024-10-29,Beau Appartement Agadir,agadir,Inconnu,appartement,location,8034.03,92.72,3.0,2.0,0.0,2023.0,86.64829594477997,3.0,Economique,Moyen,2024,10,4
ANO000460,2023-01-27,Appartement moderne Meknès,meknès,Inconnu,appartement,vente,674788.56,69.86,1.0,1.0,0.0,2024.0,9659.154881190954,2.0,Moyen,Petit,2023,1,1
ANO001273,2023-03-19,Appartement moderne Rabat,rabat,Hay Riad,appartement,vente,504061.94,81.91,1.0,1.0,2.0,1994.0,6153.851056037114,32.0,Moyen,Moyen,2023,3,1
ANO001352,1900-01-01,Villa moderne Meknès,meknès,Inconnu,villa,location,25169.05,168.42,4.0,3.0,0.0,2011.0,149.44216838855243,15.0,Economique,Grand,1900,1,1
ANO000613,2024-02-12,Beau Appartement Kenitra,kenitra,Inconnu,appartement,vente,1542509.52,87.71,2.0,1.0,5.0,2009.0,17586.472694105578,17.0,Haut Standing,Moyen,2024,2,1
ANO000162,2023-11-15,Duplex 112m² Talborjt,agadir,Talborjt,duplex,vente,1922078.18,112.18,3.0,2.0,1.0,2008.0,17133.87573542521,18.0,Haut Standing,Moyen,2023,11,4
ANO000527,2023-02-15,Appartement moderne Tétouan,tétouan,Centre,appartement,vente,461849.01,64.74,2.0,2.0,0.0,2011.0,7133.905004633921,15.0,Economique,Petit,2023,2,1
ANO001085,1900-01-01,Appartement à vente - Agadir,agadir,Centre,appartement,vente,626639.22,111.45,2.0,2.0,5.0,2012.0,5622.604037685061,14.0,Moyen,Moyen,1900,1,1
ANO000669,2023-06-16,Appartement moderne Tétouan,tétouan,Centre,appartement,vente,322766.24,90.33,2.0,2.0,3.0,2008.0,3573.189859404406,18.0,Economique,Moyen,2023,6,2
ANO000595,2024-03-03,Beau Appartement Casablanca,casablanca,Inconnu,appartement,vente,369433.56,104.0,2.0,1.0,1.0,2001.0,3552.2457692307694,25.0,Economique,Moyen,2024,3,1
ANO000036,2023-01-03,Appartement 132m² Meknès,meknès,Inconnu,appartement,vente,598486.1,132.15,1.0,1.0,1.0,2011.0,4528.839197881195,15.0,Moyen,Moyen,2023,1,1
ANO000045,2023-01-30,Appartement moderne Casablanca,casablanca,Maarif,appartement,vente,422523.55,96.84,3.0,1.0,3.0,1986.0,4363.109768690623,40.0,Economique,Moyen,2023,1,1
ANO000304,2023-11-21,Villa à vente - Fès,fès,Medina,villa,vente,3281627.36,225.38,6.0,3.0,0.0,2003.0,14560.419558079688,23.0,Luxe,Grand,2023,11,4
ANO001498,2024-08-03,Appartement 70m² Fès,fès,Inconnu,appartement,vente,435091.73,70.27,2.0,1.0,2.0,1993.0,6191.71381813007,33.0,Economique,Petit,2024,8,3
ANO000016,2023-10-11,Beau Appartement Casablanca,casablanca,Anfa,appartement,vente,1712062.32,73.48,4.0,2.0,3.0,2015.0,23299.704953728906,11.0,Haut Standing,Petit,2023,10,4
ANO000475,2023-12-27,Villa moderne Fès,fès,Inconnu,villa,location,8070.09,182.86,3.0,2.0,0.0,1984.0,44.132615115388816,42.0,Economique,Grand,2023,12,4
ANO001325,2024-03-18,Appartement 87m² Hay Essalam,kenitra,Hay Essalam,appartement,location,8556.1,87.17,1.0,1.0,2.0,2012.0,98.15418148445566,14.0,Economique,Moyen,2024,3,1
ANO001114,2024-09-27,Beau Bureau Fès,fès,Ville Nouvelle,bureau,vente,1918544.33,148.24,0.0,0.0,1.0,2008.0,12942.150094441446,18.0,Haut Standing,Moyen,2024,9,3
ANO001469,2024-11-16,Terrain 401m² Centre Ville,tanger,Centre Ville,terrain,inconnu,762447.67,401.63,0.0,0.0,0.0,2009.0,1898.38326320245,17.0,Moyen,Grand,2024,11,4
ANO000185,2023-09-12,Beau Duplex Agadir,agadir,Centre,duplex,vente,2500669.24,162.72,3.0,2.0,8.0,2012.0,15367.927974434613,14.0,Haut Standing,Grand,2023,9,3
ANO000252,2023-10-26,Terrain 186m² Hay Qods,oujda,Hay Qods,terrain,vente,1116092.54,186.07,0.0,0.0,0.0,2024.0,5998.240124684259,2.0,Moyen,Grand,2023,10,4
ANO000182,2024-09-26,Beau Appartement Tétouan,tétouan,Inconnu,appartement,vente,722988.23,2500.0,3.0,2.0,3.0,2008.0,289.195292,18.0,Moyen,Grand,2024,9,3
ANO000610,1900-01-01,Appartement 82m² Hay Mohammadi,agadir,Hay Mohammadi,appartement,vente,719311.89,82.54,3.0,1.0,1.0,2010.0,8714.706687666585,16.0,Moyen,Moyen,1900,1,1
ANO001408,2024-10-26,Beau Appartement Casablanca,casablanca,Bourgogne,appartement,vente,651372.93,84.86,3.0,1.0,0.0,2017.0,7675.85352345039,9.0,Moyen,Moyen,2024,10,4
ANO001210,2023-06-05,Beau Bureau Kenitra,kenitra,Centre,bureau,vente,1505611.91,58.29,0.0,0.0,1.0,2004.0,25829.6776462515,22.0,Haut Standing,Petit,2023,6,2
ANO001289,2024-03-07,Villa à vente - Oujda,oujda,Hay Qods,villa,vente,2014071.06,191.72,5.0,2.0,0.0,2008.0,10505.273628207804,18.0,Haut Standing,Grand,2024,3,1
ANO000691,2023-05-21,Terrain moderne Fès,fès,Inconnu,terrain,vente,1089619.25,448.34,3.0,0.0,0.0,2001.0,2430.3413703885444,25.0,Moyen,Grand,2023,5,2
ANO000429,2023-02-05,Appartement moderne Rabat,rabat,Ocean,appartement,location,1822.73,51.72,2.0,2.0,3.0,1972.0,35.2422660479505,54.0,Economique,Petit,2023,2,1
ANO001301,2023-04-01,Bureau à vente - Tanger,tanger,Iberia,bureau,vente,977552.5,114.8,0.0,0.0,3.0,2008.0,8515.26567944251,18.0,Moyen,Moyen,2023,4,2
ANO000156,2024-02-07,Beau Appartement Tétouan,tétouan,M'diq,appartement,vente,523483.65,100.35,3.0,1.0,1.0,2016.0,5216.578475336323,10.0,Moyen,Moyen,2024,2,1
ANO001389,2023-10-16,Beau Appartement Tanger,tanger,Malabata,appartement,vente,498067.13,104.85,3.0,1.0,2.0,2007.0,4750.282594182166,19.0,Economique,Moyen,2023,10,4
ANO000810,2023-12-06,Beau Terrain Tanger,tanger,Inconnu,terrain,location,3125.37,434.92,0.0,0.0,1.0,2007.0,7.186080198657224,19.0,Economique,Grand,2023,12,4
ANO001208,2023-02-12,Beau Duplex Fès,fès,Zouagha,duplex,vente,2010887.94,51.09,3.0,2.0,6.0,2000.0,39359.71697005285,26.0,Haut Standing,Petit,2023,2,1
ANO001158,2024-09-26,Beau Appartement Meknès,meknès,Hamria,appartement,location,2161.18,86.31,3.0,2.0,4.0,2001.0,25.0397404703974,25.0,Economique,Moyen,2024,9,3
ANO001432,2024-01-10,Appartement à vente - Kenitra,kenitra,Inconnu,appartement,vente,524983.81,115.17,4.0,2.0,0.0,1997.0,4558.3381957106885,29.0,Moyen,Moyen,2024,1,1
ANO001133,2023-12-08,Appartement 122m² Ocean,rabat,Ocean,inconnu,location,2442.68,122.23,3.0,1.0,2.0,2024.0,19.98429190869672,2.0,Economique,Moyen,2023,12,4
ANO000993,2024-05-22,Terrain moderne Rabat,rabat,Ocean,terrain,location,4716.45,2500.0,0.0,0.0,0.0,2008.0,1.88658,18.0,Economique,Grand,2024,5,2
ANO000255,2023-09-17,Villa à vente - Casablanca,casablanca,Non spécifié,villa,vente,9840126.81,242.32,4.0,2.0,1.0,2017.0,40607.98452459558,9.0,Luxe,Grand,2023,9,3
ANO000238,2024-12-07,Appartement moderne Agadir,agadir,Hay Mohammadi,appartement,vente,538394.43,71.38,2.0,2.0,0.0,2013.0,7542.651022695434,13.0,Moyen,Petit,2024,12,4
ANO000748,2024-11-04,Terrain 537m² Non spécifié,casablanca,Non spécifié,terrain,vente,975323.89,537.17,0.0,0.0,0.0,1976.0,1815.6708118472739,50.0,Moyen,Grand,2024,11,4
ANO001016,2023-01-14,Terrain moderne Tanger,tanger,Inconnu,terrain,vente,185017.62,439.09,0.0,0.0,0.0,2007.0,421.3660525177071,19.0,Economique,Grand,2023,1,1
ANO000686,2023-12-12,Appartement à vente - Tanger,tanger,Inconnu,appartement,vente,1672296.86,73.09,2.0,1.0,3.0,2016.0,22879.967984676427,10.0,Haut Standing,Petit,2023,12,4
ANO000035,2024-07-25,Appartement à vente - Meknès,meknès,Inconnu,appartement,vente,508874.26,64.94,4.0,2.0,3.0,2008.0,7836.068062827226,18.0,Moyen,Petit,2024,7,3
ANO000335,2024-10-26,Beau Terrain Marrakech,marrakech,Targa,terrain,vente,817889.11,222.37,0.0,0.0,0.0,2015.0,3678.0550883662363,11.0,Moyen,Grand,2024,10,4
ANO000361,2023-01-24,Appartement à location - Casablanca,casablanca,Anfa,appartement,inconnu,7442.16,76.27,1.0,1.0,0.0,1995.0,97.5765045234037,31.0,Economique,Petit,2023,1,1
ANO000127,2024-04-05,Appartement 64m² Talborjt,agadir,Talborjt,appartement,location,11503.68,64.79,2.0,2.0,0.0,2003.0,177.5533261305757,23.0,Economique,Petit,2024,4,2
ANO000822,2023-05-02,Beau Terrain Kenitra,kenitra,Centre,terrain,location,1714.81,404.3,0.0,0.0,0.0,2017.0,4.241429631461785,9.0,Economique,Grand,2023,5,2
ANO001291,2024-11-18,Appartement à vente - Casablanca,casablanca,Maarif,appartement,vente,1443911.23,88.94,3.0,2.0,5.0,1983.0,16234.666404317517,43.0,Moyen,Moyen,2024,11,4
ANO000831,2024-07-12,Villa à vente - Rabat,rabat,Inconnu,villa,vente,2193081.13,194.82,4.0,2.0,0.0,1992.0,11256.960938302022,34.0,Haut Standing,Grand,2024,7,3
ANO001072,2023-11-03,Beau Villa Kenitra,kenitra,Centre,villa,inconnu,2961619.31,308.85,4.0,3.0,0.0,2024.0,9589.183454751497,2.0,Haut Standing,Grand,2023,11,4
ANO000972,2023-08-28,Villa moderne Fès,fès,Ville Nouvelle,villa,vente,2578960.92,304.84,4.0,3.0,0.0,2024.0,8460.047631544418,2.0,Haut Standing,Grand,2023,8,3
ANO000933,2024-04-12,Beau Appartement Fès,fès,Ville Nouvelle,appartement,vente,2229251.13,40.35,3.0,1.0,0.0,1994.0,55247.859479553896,32.0,Haut Standing,Petit,2024,4,2
ANO000096,2023-04-26,Villa moderne Fès,fès,Inconnu,villa,location,4895.82,237.86,5.0,3.0,0.0,2008.0,20.58277978642899,18.0,Economique,Grand,2023,4,2
ANO001150,2024-08-20,Appartement moderne Fès,fès,Inconnu,appartement,vente,453404.02,75.31,3.0,1.0,1.0,1993.0,6020.5021909440975,33.0,Economique,Petit,2024,8,3
ANO000983,2024-03-05,Appartement moderne Tanger,tanger,Malabata,appartement,vente,560225.13,15.0,2.0,1.0,6.0,2008.0,37348.342,18.0,Moyen,Petit,2024,3,1
ANO000360,2024-07-11,Appartement 122m² Tétouan,tétouan,Inconnu,appartement,vente,1828753.94,122.52,3.0,2.0,2.0,2016.0,14926.166666666666,10.0,Haut Standing,Moyen,2024,7,3
ANO000889,2024-04-19,Appartement moderne Oujda,oujda,Inconnu,appartement,vente,605584.76,50.82,2.0,1.0,0.0,2016.0,11916.268398268398,10.0,Moyen,Petit,2024,4,2
ANO001111,2024-03-29,Appartement à vente - Casablanca,casablanca,Hay Mohammadi,appartement,vente,659652.59,46.36,3.0,2.0,0.0,2023.0,14228.916954270922,3.0,Moyen,Petit,2024,3,1
ANO000641,2024-07-22,Duplex moderne Oujda,oujda,Inconnu,duplex,vente,612420.11,187.4,4.0,1.0,3.0,2001.0,3267.9835112059764,25.0,Moyen,Grand,2024,7,3
ANO001146,2024-04-30,Beau Appartement Oujda,oujda,Hay Qods,appartement,vente,2355614.85,99.34,3.0,2.0,0.0,2008.0,23712.65200322126,18.0,Haut Standing,Moyen,2024,4,2
ANO000690,1900-01-01,Appartement moderne Fès,fès,Inconnu,appartement,location,2135.55,120.57,2.0,1.0,4.0,2008.0,17.71211744214979,18.0,Economique,Moyen,1900,1,1
ANO000979,2024-12-14,Terrain moderne Kenitra,kenitra,Hay Essalam,terrain,vente,1062814.04,476.72,0.0,0.0,0.0,2005.0,2229.430357442524,21.0,Moyen,Grand,2024,12,4
ANO000483,2023-09-18,Villa 296m² Agdal,rabat,Agdal,villa,vente,5207074.98,296.91,5.0,2.0,1.0,2018.0,17537.55340002021,8.0,Luxe,Grand,2023,9,3
ANO001145,2024-02-08,Appartement 82m² Malabata,tanger,Malabata,appartement,location,2450.68,82.55,2.0,1.0,0.0,2008.0,29.687219866747427,18.0,Economique,Moyen,2024,2,1
ANO001308,2023-03-27,Villa moderne Kenitra,kenitra,Inconnu,villa,vente,6336352.12,222.29,6.0,4.0,0.0,1997.0,28504.890548382744,29.0,Luxe,Grand,2023,3,1
ANO000609,2024-05-19,Villa 285m² Centre,tétouan,Centre,villa,location,9137.31,285.36,5.0,2.0,0.0,2001.0,32.020290159798144,25.0,Economique,Grand,2024,5,2
ANO000900,2024-12-30,Bureau moderne Agadir,agadir,Centre,bureau,vente,675112.32,144.88,0.0,0.0,4.0,2020.0,4659.803423522915,6.0,Moyen,Moyen,2024,12,4
ANO001413,2024-10-12,Beau Appartement Meknès,meknès,Hamria,appartement,location,2888.84,76.32,3.0,1.0,7.0,2021.0,37.85167714884697,5.0,Economique,Petit,2024,10,4
ANO001033,2023-03-18,Beau Bureau Oujda,oujda,Inconnu,bureau,vente,1616689.87,143.34,0.0,0.0,0.0,2008.0,11278.707060136738,18.0,Haut Standing,Moyen,2023,3,1
ANO000567,2024-02-08,Terrain 321m² Tanger,tanger,Inconnu,terrain,location,3816.69,321.55,0.0,0.0,0.0,2012.0,11.869662571917276,14.0,Economique,Grand,2024,2,1
ANO000103,2023-08-28,Appartement 70m² Centre,kenitra,Centre,appartement,location,2813.28,70.21,2.0,2.0,1.0,2014.0,40.069505768409066,12.0,Economique,Petit,2023,8,3
ANO000496,2023-07-09,Appartement à vente - Kenitra,kenitra,Inconnu,appartement,vente,2373036.33,49.54,1.0,1.0,0.0,1995.0,47901.4196608801,31.0,Haut Standing,Petit,2023,7,3
ANO000026,2024-07-13,Appartement à vente - Tétouan,tétouan,M'diq,appartement,vente,648628.3,87.18,2.0,2.0,6.0,2007.0,7440.104381738931,19.0,Moyen,Moyen,2024,7,3
ANO001495,2024-03-28,Appartement à vente - Oujda,oujda,Centre,appartement,vente,448581.52,98.83,2.0,2.0,2.0,2008.0,4538.92057067692,18.0,Economique,Moyen,2024,3,1
ANO000263,2023-12-02,Terrain moderne Marrakech,marrakech,Gueliz,terrain,location,4200.71,355.1,0.0,1.0,0.0,2009.0,11.829653618698957,17.0,Economique,Grand,2023,12,4
ANO001209,2024-06-05,Beau Appartement Marrakech,marrakech,Targa,appartement,vente,777732.04,61.3,2.0,1.0,2.0,2003.0,12687.308972267538,23.0,Moyen,Petit,2024,6,2
ANO000212,2024-07-26,Beau Appartement Tétouan,tétouan,M'diq,appartement,location,1995.1,12.0,2.0,1.0,2.0,1996.0,166.25833333333333,30.0,Economique,Petit,2024,7,3
ANO000314,2023-07-21,Villa 147m² Ocean,rabat,Ocean,villa,vente,5153882.05,147.58,3.0,1.0,0.0,2013.0,34922.632131725164,13.0,Luxe,Moyen,2023,7,3
ANO001228,2024-06-28,Beau Bureau Casablanca,casablanca,Ain Diab,bureau,location,4170.35,127.15,0.0,0.0,6.0,2018.0,32.79866299646088,8.0,Economique,Moyen,2024,6,2
ANO001105,2024-05-21,Appartement à location - Agadir,agadir,Inconnu,appartement,inconnu,3201.3,59.63,4.0,3.0,5.0,2007.0,53.6860640617139,19.0,Economique,Petit,2024,5,2
ANO000526,2024-05-21,Appartement 44m² Hivernage,marrakech,Hivernage,appartement,vente,545723.02,44.62,3.0,2.0,0.0,2019.0,12230.457642312866,7.0,Moyen,Petit,2024,5,2
ANO000363,2023-05-14,Appartement moderne Oujda,oujda,Centre,appartement,vente,673634.01,90.97,2.0,2.0,10.0,2007.0,7405.012751456525,19.0,Moyen,Moyen,2023,5,2
ANO000821,2024-10-17,Beau Villa Oujda,oujda,Hay Qods,villa,vente,2237977.63,309.41,4.0,2.0,1.0,2013.0,7233.04880255971,13.0,Haut Standing,Grand,2024,10,4
ANO000611,2023-12-19,Appartement 90m² Tanger,tanger,Inconnu,appartement,vente,634985.73,90.83,2.0,2.0,1.0,2017.0,6990.925134867334,9.0,Moyen,Moyen,2023,12,4
ANO000222,2023-07-08,Bureau moderne Casablanca,casablanca,Anfa,inconnu,location,3930.52,91.49,0.0,0.0,1.0,2001.0,42.961197945130614,25.0,Economique,Moyen,2023,7,3
ANO000108,2023-10-30,Beau Appartement Marrakech,marrakech,Hivernage,appartement,location,2485.68,64.54,2.0,2.0,2.0,2008.0,38.51378989773783,18.0,Economique,Petit,2023,10,4
ANO000386,2023-06-30,Terrain 217m² Talborjt,agadir,Talborjt,terrain,vente,1102945.13,217.42,0.0,0.0,0.0,2024.0,5072.87797810689,2.0,Moyen,Grand,2023,6,2
ANO001485,2023-02-10,Villa moderne Rabat,rabat,Hay Riad,villa,vente,2774836.01,273.73,5.0,3.0,0.0,2019.0,10137.127863222882,7.0,Haut Standing,Grand,2023,2,1
ANO000225,2023-10-21,Bureau à location - Oujda,oujda,Inconnu,bureau,location,4251.7,3000.0,0.0,0.0,3.0,1998.0,1.4172333333333333,28.0,Economique,Grand,2023,10,4
ANO000757,2023-02-20,Appartement 82m² Californie,casablanca,Californie,appartement,vente,489498.42,82.96,1.0,1.0,1.0,2005.0,5900.414898746384,21.0,Economique,Moyen,2023,2,1
ANO000788,1900-01-01,Beau Appartement Casablanca,casablanca,Maarif,appartement,vente,387679.57,46.94,2.0,1.0,10.0,2016.0,8259.044951001279,10.0,Economique,Petit,1900,1,1
ANO001453,2024-07-22,Appartement à vente - Fès,fès,Ville Nouvelle,appartement,vente,577244.14,76.9,3.0,1.0,0.0,2008.0,7506.425747724317,18.0,Moyen,Petit,2024,7,3
ANO000872,2023-08-07,Appartement 99m² Meknès,meknès,Inconnu,appartement,location,7989.57,99.97,4.0,2.0,1.0,2015.0,79.91967590277083,11.0,Economique,Moyen,2023,8,3
ANO000964,2023-10-29,Appartement à vente - Oujda,oujda,Hay Qods,appartement,vente,595958.68,88.53,2.0,2.0,1.0,1992.0,6731.714447080087,34.0,Moyen,Moyen,2023,10,4
ANO001006,2023-04-29,Appartement 47m² Meknès,meknès,Inconnu,appartement,vente,674605.46,47.02,3.0,1.0,0.0,1987.0,14347.202467035302,39.0,Moyen,Petit,2023,4,2
ANO001459,2024-09-02,Appartement à location - Tanger,tanger,Malabata,appartement,location,2677.33,101.15,3.0,1.0,3.0,1991.0,26.46890756302521,35.0,Economique,Moyen,2024,9,3
ANO001367,2024-10-12,Beau Bureau Agadir,agadir,Centre,bureau,vente,1147132.26,122.89,0.0,0.0,6.0,1997.0,9334.626576613231,29.0,Moyen,Moyen,2024,10,4
ANO000435,2023-08-23,Bureau à vente - Agadir,agadir,Talborjt,bureau,vente,1130016.1,89.77,0.0,0.0,3.0,2014.0,12587.90353124652,12.0,Moyen,Moyen,2023,8,3
ANO000663,2023-05-25,Beau Terrain Tanger,tanger,Inconnu,terrain,vente,60000000.0,361.94,0.0,0.0,0.0,2004.0,165773.33259656298,22.0,Luxe,Grand,2023,5,2
ANO000202,2023-03-21,Villa moderne Kenitra,kenitra,Centre,villa,vente,8033456.79,283.07,5.0,2.0,0.0,2024.0,28379.75338255555,2.0,Luxe,Grand,2023,3,1
ANO000865,2024-10-08,Appartement moderne Kenitra,kenitra,Centre,appartement,vente,544861.19,86.45,4.0,2.0,7.0,2008.0,6302.616425679583,18.0,Moyen,Moyen,2024,10,4
ANO000367,2023-06-19,Villa moderne Casablanca,casablanca,Anfa,inconnu,vente,2658163.84,277.72,4.0,2.0,0.0,2014.0,9571.380671179604,12.0,Haut Standing,Grand,2023,6,2
ANO000151,2023-06-11,Villa moderne Meknès,meknès,Ville Nouvelle,villa,vente,5905981.35,326.41,5.0,2.0,0.0,2002.0,18093.751263748043,24.0,Luxe,Grand,2023,6,2
ANO000515,2023-10-24,Appartement à location - Agadir,agadir,Centre,appartement,location,10658.01,73.57,3.0,2.0,2.0,2008.0,144.86896832948213,18.0,Economique,Petit,2023,10,4
ANO000250,2023-07-17,Beau Duplex Tanger,tanger,Iberia,duplex,vente,1346770.24,119.42,2.0,2.0,7.0,1998.0,11277.593702897337,28.0,Moyen,Moyen,2023,7,3
ANO001122,2023-10-02,Villa à vente - Marrakech,marrakech,Inconnu,villa,vente,1522276.25,193.28,3.0,2.0,0.0,2024.0,7876.015366307947,2.0,Haut Standing,Grand,2023,10,4
ANO000485,2023-11-23,Beau Appartement Tétouan,tétouan,M'diq,appartement,vente,2096301.27,150.04,3.0,2.0,1.0,2014.0,13971.616035723808,12.0,Haut Standing,Grand,2023,11,4
ANO000224,2024-08-28,Villa moderne Tétouan,tétouan,Inconnu,villa,vente,2745753.43,349.69,3.0,2.0,0.0,1993.0,7851.964397037376,33.0,Haut Standing,Grand,2024,8,3
ANO000634,2024-07-15,Beau Villa Meknès,meknès,Hamria,villa,vente,2052259.84,305.76,4.0,2.0,0.0,2007.0,6711.9958137101,19.0,Haut Standing,Grand,2024,7,3
ANO000857,2024-05-05,Beau Villa Rabat,rabat,Souissi,villa,vente,2629225.56,231.23,6.0,4.0,0.0,2000.0,11370.607447130564,26.0,Haut Standing,Grand,2024,5,2
ANO000896,2023-11-10,Appartement moderne Tétouan,tétouan,Inconnu,appartement,vente,587938.71,96.73,2.0,1.0,2.0,1997.0,6078.142355008787,29.0,Moyen,Moyen,2023,11,4
ANO000419,2023-12-01,Villa à vente - Meknès,meknès,Hamria,villa,vente,7841503.49,153.23,6.0,4.0,1.0,2023.0,51174.727468511395,3.0,Luxe,Grand,2023,12,4
ANO000823,2024-11-17,Villa moderne Fès,fès,Medina,villa,location,7273.43,253.04,3.0,2.0,0.0,2010.0,28.744190641795765,16.0,Economique,Grand,2024,11,4
ANO001257,2024-03-02,Villa 205m² Hassan,rabat,Hassan,villa,vente,2532351.37,205.77,4.0,3.0,0.0,2015.0,12306.708315109103,11.0,Haut Standing,Grand,2024,3,1
ANO001458,2023-09-22,Appartement à vente - Fès,fès,Zouagha,appartement,vente,484474.98,57.7,3.0,2.0,5.0,2002.0,8396.446793760831,24.0,Economique,Petit,2023,9,3
ANO000280,2023-10-01,Appartement à location - Rabat,rabat,Ocean,appartement,inconnu,6402.63,109.61,2.0,1.0,1.0,1996.0,58.41282729677949,30.0,Economique,Moyen,2023,10,4
ANO000552,2023-10-19,Beau Appartement Meknès,meknès,Ville Nouvelle,appartement,location,7434.93,93.46,2.0,1.0,4.0,2007.0,79.55200085598118,19.0,Economique,Moyen,2023,10,4
ANO000963,2023-06-18,Appartement 119m² Agadir,agadir,Inconnu,appartement,location,1947.4,119.71,3.0,2.0,7.0,2006.0,16.267646813131737,20.0,Economique,Moyen,2023,6,2
ANO000885,2023-09-08,Villa à vente - Casablanca,casablanca,Inconnu,villa,vente,2455396.04,332.45,4.0,2.0,0.0,1990.0,7385.760385020304,36.0,Haut Standing,Grand,2023,9,3
ANO000904,2024-06-27,Beau Bureau Fès,fès,Medina,bureau,vente,1825365.34,87.26,0.0,0.0,8.0,2022.0,20918.695163878067,4.0,Haut Standing,Moyen,2024,6,2
ANO001366,2023-09-01,Appartement 99m² M'diq,tétouan,M'diq,appartement,vente,426165.37,99.89,2.0,2.0,4.0,2005.0,4266.346681349484,21.0,Economique,Moyen,2023,9,3
ANO000749,2023-01-28,Beau Appartement Rabat,rabat,Ocean,appartement,vente,744065.51,87.61,3.0,1.0,0.0,1986.0,8492.92900353841,40.0,Moyen,Moyen,2023,1,1
ANO001244,2023-06-27,Beau Terrain Tanger,tanger,Centre Ville,terrain,vente,105156.84,402.96,0.0,0.0,0.0,2003.0,260.9609886837403,23.0,Economique,Grand,2023,6,2
ANO001238,2023-12-18,Appartement moderne Casablanca,casablanca,Ain Diab,appartement,vente,1473673.67,92.03,3.0,1.0,5.0,2008.0,16012.970444420296,18.0,Moyen,Moyen,2023,12,4
ANO001281,2023-07-29,Villa à vente - Agadir,agadir,Centre,villa,vente,1892838.43,193.22,6.0,4.0,0.0,2017.0,9796.28625401097,9.0,Haut Standing,Grand,2023,7,3
ANO000977,2024-05-31,Appartement 109m² Kenitra,kenitra,Inconnu,appartement,location,10524.99,109.64,3.0,1.0,0.0,2016.0,95.99589565851879,10.0,Economique,Moyen,2024,5,2
ANO000398,2023-04-08,Appartement moderne Meknès,meknès,Hamria,appartement,location,1559.67,69.97,3.0,2.0,6.0,2012.0,22.290553094183224,14.0,Economique,Petit,2023,4,2
ANO001438,2024-04-06,Beau Appartement Marrakech,marrakech,Gueliz,appartement,location,1362.06,97.37,2.0,1.0,1.0,2008.0,13.988497483824585,18.0,Economique,Moyen,2024,4,2
ANO001390,2023-06-06,Appartement 109m² Kenitra,kenitra,Inconnu,appartement,vente,520433.99,109.66,2.0,1.0,0.0,2004.0,4745.887196790079,22.0,Moyen,Moyen,2023,6,2
ANO000370,2024-05-31,Appartement à vente - Meknès,meknès,Ville Nouvelle,appartement,vente,423590.13,69.41,2.0,2.0,1.0,2024.0,6102.7248235124625,2.0,Economique,Petit,2024,5,2
ANO000487,2024-11-18,Appartement à location - Rabat,rabat,Inconnu,appartement,location,2819.08,101.83,3.0,1.0,1.0,1997.0,27.684179514877737,29.0,Economique,Moyen,2024,11,4
ANO001286,2024-07-04,Appartement moderne Rabat,rabat,Hassan,appartement,vente,531844.09,50.11,3.0,1.0,5.0,2008.0,10613.532029535023,18.0,Moyen,Petit,2024,7,3
ANO000119,2023-09-16,Beau Appartement Marrakech,marrakech,Targa,appartement,location,2190.87,59.94,4.0,2.0,4.0,2009.0,36.55105105105105,17.0,Economique,Petit,2023,9,3
ANO000966,2024-10-19,Beau Appartement Kenitra,kenitra,Inconnu,appartement,vente,1021148.52,32.9,2.0,2.0,0.0,2008.0,31037.948936170214,18.0,Moyen,Petit,2024,10,4
ANO001218,2024-02-01,Terrain 353m² Hay Mohammadi,agadir,Hay Mohammadi,terrain,vente,965239.27,353.37,0.0,0.0,0.0,2003.0,2731.5257944930245,23.0,Moyen,Grand,2024,2,1
ANO001360,2023-07-03,Beau Villa Kenitra,kenitra,Hay Essalam,villa,vente,1196271.57,218.93,20.0,13.0,1.0,2007.0,5464.1737998447,19.0,Moyen,Grand,2023,7,3
ANO001118,2023-10-05,Villa à vente - Meknès,meknès,Ville Nouvelle,villa,vente,5488638.18,284.27,3.0,1.0,1.0,2010.0,19307.834734583317,16.0,Luxe,Grand,2023,10,4
ANO000507,2024-06-01,Appartement à vente - Oujda,oujda,Centre,appartement,vente,427097.58,131.35,2.0,2.0,5.0,2019.0,3251.5993909402364,7.0,Economique,Moyen,2024,6,2
ANO000548,2023-06-04,Beau Bureau Casablanca,casablanca,Inconnu,bureau,vente,1764888.22,116.81,0.0,0.0,7.0,2006.0,15109.050766201522,20.0,Haut Standing,Moyen,2023,6,2
ANO000807,2023-03-06,Appartement 51m² Centre,oujda,Centre,appartement,location,2387.53,51.84,2.0,1.0,1.0,2008.0,46.05574845679013,18.0,Economique,Petit,2023,3,1
ANO000018,2023-09-12,Appartement 68m² Talborjt,agadir,Talborjt,appartement,vente,503790.13,68.08,2.0,1.0,1.0,2014.0,7399.972532314924,12.0,Moyen,Petit,2023,9,3
ANO000425,2023-07-20,Beau Villa Casablanca,casablanca,Ain Diab,villa,location,6615.37,224.69,5.0,2.0,0.0,2018.0,29.442209266099958,8.0,Economique,Grand,2023,7,3
ANO000318,2023-05-27,Duplex à location - Meknès,meknès,Inconnu,duplex,location,8044.93,87.42,3.0,1.0,6.0,2021.0,92.0261953786319,5.0,Economique,Moyen,2023,5,2
ANO000174,2023-09-19,Beau Duplex Kenitra,kenitra,Inconnu,duplex,vente,2250832.27,66.53,3.0,2.0,1.0,2014.0,33831.83932060724,12.0,Haut Standing,Petit,2023,9,3
ANO000678,2023-01-24,Villa à vente - Tétouan,tétouan,Inconnu,villa,vente,1713226.9,288.11,4.0,2.0,0.0,2014.0,5946.433306723126,12.0,Haut Standing,Grand,2023,1,1
ANO000796,2023-08-17,Appartement moderne Kenitra,kenitra,Hay Essalam,appartement,vente,458980.56,79.24,3.0,2.0,3.0,2002.0,5792.283695103483,24.0,Economique,Petit,2023,8,3
ANO001181,2023-09-03,Beau Appartement Meknès,meknès,Hamria,appartement,inconnu,589702.16,121.28,2.0,1.0,3.0,2008.0,4862.3199208443275,18.0,Moyen,Moyen,2023,9,3
ANO001262,2023-01-10,Terrain à location - Meknès,meknès,Inconnu,terrain,location,1793.32,355.72,0.0,0.0,0.0,2005.0,5.041380861351624,21.0,Economique,Grand,2023,1,1
ANO001284,1900-01-01,Appartement 71m² Medina,fès,Medina,appartement,location,1512.09,71.88,2.0,2.0,0.0,2007.0,21.036310517529216,19.0,Economique,Petit,1900,1,1
ANO001204,2023-04-06,Appartement à vente - Tétouan,tétouan,M'diq,appartement,vente,30000.0,85.85,2.0,2.0,4.0,2010.0,349.4467093768201,16.0,Economique,Moyen,2023,4,2
ANO000394,2023-02-02,Villa moderne Marrakech,marrakech,Medina,villa,location,17378.46,264.39,4.0,2.0,1.0,2008.0,65.73039827527516,18.0,Economique,Grand,2023,2,1
ANO000284,2024-05-24,Bureau moderne Marrakech,marrakech,Gueliz,bureau,vente,987601.22,95.07,0.0,0.0,0.0,2005.0,10388.147891027664,21.0,Moyen,Moyen,2024,5,2
ANO000535,2023-04-12,Beau Appartement Fès,fès,Ville Nouvelle,appartement,vente,472484.3,65.02,2.0,1.0,6.0,1992.0,7266.753306674869,34.0,Economique,Petit,2023,4,2
ANO001371,2023-08-17,Appartement moderne Tanger,tanger,Iberia,appartement,vente,687523.62,65.57,3.0,2.0,3.0,2022.0,10485.338111941437,4.0,Moyen,Petit,2023,8,3
ANO000066,2023-02-10,Beau Villa Tanger,tanger,Inconnu,villa,vente,2392658.69,179.29,5.0,2.0,0.0,2011.0,13345.18762898098,15.0,Haut Standing,Grand,2023,2,1
ANO000758,2024-08-13,Villa à vente - Meknès,meknès,Inconnu,villa,vente,1956385.72,195.94,5.0,3.0,1.0,2008.0,9984.616311115647,18.0,Haut Standing,Grand,2024,8,3
ANO001235,2023-01-31,Beau Appartement Oujda,oujda,Inconnu,appartement,location,6533.89,64.08,3.0,1.0,3.0,2008.0,101.96457553058677,18.0,Economique,Petit,2023,1,1
ANO000422,2023-05-31,Villa 263m² Tétouan,tétouan,Inconnu,villa,location,18475.96,263.55,6.0,4.0,0.0,1998.0,70.10419275279833,28.0,Economique,Grand,2023,5,2
ANO000251,2024-02-08,Villa 141m² Tétouan,tétouan,Inconnu,villa,vente,4615150.13,141.87,4.0,2.0,0.0,2008.0,32530.839007542116,18.0,Luxe,Moyen,2024,2,1
ANO001315,2023-12-19,Bureau à location - Fès,fès,Medina,bureau,location,3844.84,24.39,0.0,0.0,4.0,1993.0,157.640016400164,33.0,Economique,Petit,2023,12,4
ANO000340,2023-09-24,Appartement moderne Rabat,rabat,Hassan,appartement,location,1967.73,76.99,4.0,3.0,2.0,2006.0,25.558254318742694,20.0,Economique,Petit,2023,9,3
ANO001489,2024-02-08,Duplex moderne Casablanca,casablanca,Non spécifié,duplex,vente,1451990.2,92.18,4.0,2.0,5.0,2012.0,15751.683662399651,14.0,Moyen,Moyen,2024,2,1
ANO000243,2023-02-25,Bureau 133m² Centre Ville,tanger,Centre Ville,bureau,location,120.0,133.9,0.0,0.0,5.0,2005.0,0.8961911874533234,21.0,Economique,Moyen,2023,2,1
ANO000846,2024-01-08,Villa moderne Oujda,oujda,Hay Qods,villa,vente,2052455.04,328.07,6.0,3.0,0.0,2017.0,6256.149724144238,9.0,Haut Standing,Grand,2024,1,1
ANO000303,1900-01-01,Villa à vente - Marrakech,marrakech,Hivernage,villa,vente,3960215.79,309.7,5.0,2.0,0.0,2008.0,12787.264417177914,18.0,Luxe,Grand,1900,1,1
ANO000369,2023-11-11,Beau Villa Meknès,meknès,Hamria,villa,vente,2754091.41,166.81,4.0,3.0,0.0,2014.0,16510.349559378934,12.0,Haut Standing,Grand,2023,11,4
ANO000962,2024-02-29,Appartement à location - Casablanca,casablanca,Californie,appartement,location,2419.69,16.31,2.0,1.0,3.0,1992.0,148.35622317596568,34.0,Economique,Petit,2024,2,1
ANO001119,2024-08-10,Appartement moderne Marrakech,marrakech,Targa,appartement,vente,478742.63,80.86,2.0,2.0,1.0,2010.0,5920.636037595845,16.0,Economique,Moyen,2024,8,3
ANO000024,2024-03-29,Appartement moderne Tétouan,tétouan,Inconnu,appartement,location,1890.34,94.03,2.0,2.0,4.0,2022.0,20.10358396256514,4.0,Economique,Moyen,2024,3,1
ANO001170,2023-01-05,Villa 290m² Marrakech,marrakech,Inconnu,villa,vente,2169498.01,290.02,4.0,3.0,0.0,2005.0,7480.511723329425,21.0,Haut Standing,Grand,2023,1,1
ANO001023,2024-07-08,Appartement à vente - Agadir,agadir,Hay Mohammadi,appartement,vente,760591.97,85.46,1.0,1.0,0.0,2011.0,8899.976246197051,15.0,Moyen,Moyen,2024,7,3
ANO000707,2024-06-09,Appartement moderne Casablanca,casablanca,Maarif,appartement,vente,242519.96,80.22,3.0,2.0,1.0,2024.0,3023.185739217153,2.0,Economique,Moyen,2024,6,2
ANO000820,1900-01-01,Beau Terrain Fès,fès,Medina,terrain,inconnu,871821.35,359.96,0.0,0.0,0.0,2007.0,2421.9950827869766,19.0,Moyen,Grand,1900,1,1
ANO000405,2023-06-05,Appartement moderne Meknès,meknès,Hamria,appartement,location,6850.55,107.37,1.0,1.0,2.0,2007.0,63.80320387445283,19.0,Economique,Moyen,2023,6,2
ANO000234,2024-05-12,Villa moderne Tanger,tanger,Inconnu,villa,vente,5722646.8,208.18,5.0,2.0,0.0,2018.0,27488.936497261984,8.0,Luxe,Grand,2024,5,2
ANO000928,2024-08-19,Beau Duplex Fès,fès,Inconnu,duplex,vente,1410140.86,89.84,4.0,2.0,1.0,1984.0,15696.136019590384,42.0,Moyen,Moyen,2024,8,3
ANO000403,2024-11-04,Appartement à location - Agadir,agadir,Centre,appartement,location,1863.04,68.43,4.0,2.0,1.0,1998.0,27.225485897997952,28.0,Economique,Petit,2024,11,4
ANO000812,2024-01-17,Villa à vente - Kenitra,kenitra,Centre,villa,vente,2112822.87,268.02,6.0,3.0,0.0,2007.0,7883.079135885383,19.0,Haut Standing,Grand,2024,1,1
ANO000430,2024-12-05,Appartement moderne Rabat,rabat,Agdal,appartement,vente,610958.96,57.42,3.0,2.0,1.0,1967.0,10640.176941832113,59.0,Moyen,Petit,2024,12,4
ANO000130,1900-01-01,Appartement à vente - Fès,fès,Inconnu,appartement,vente,775140.5,108.76,3.0,2.0,4.0,1991.0,7127.073372563442,35.0,Moyen,Moyen,1900,1,1
ANO000639,2024-03-08,Appartement 71m² Tétouan,tétouan,Inconnu,appartement,location,1335.49,71.43,1.0,1.0,1.0,2003.0,18.696486070278592,23.0,Economique,Petit,2024,3,1
ANO000137,2024-10-27,Villa 291m² Souissi,rabat,Souissi,villa,location,9040.59,291.16,4.0,3.0,0.0,2010.0,31.050247286715205,16.0,Economique,Grand,2024,10,4
ANO000978,2023-05-18,Villa à vente - Fès,fès,Medina,villa,vente,1972230.24,178.86,5.0,2.0,0.0,2014.0,11026.670244884266,12.0,Haut Standing,Grand,2023,5,2
ANO001245,2023-11-01,Villa moderne Fès,fès,Medina,villa,location,4763.02,261.61,4.0,3.0,0.0,2011.0,18.206567027254312,15.0,Economique,Grand,2023,11,4
ANO000771,2023-09-28,Appartement 129m² Talborjt,agadir,Talborjt,appartement,vente,511519.88,129.88,3.0,1.0,1.0,2011.0,3938.403757314444,15.0,Moyen,Moyen,2023,9,3
ANO000534,2023-04-10,Appartement à vente - Tanger,tanger,Iberia,appartement,vente,462639.65,80.43,2.0,1.0,7.0,2020.0,5752.078204650006,6.0,Economique,Moyen,2023,4,2
ANO000441,2024-11-29,Beau Villa Marrakech,marrakech,Targa,villa,location,24339.9,292.38,3.0,1.0,0.0,2009.0,83.24748614816336,17.0,Economique,Grand,2024,11,4
ANO001151,2024-05-07,Beau Appartement Kenitra,kenitra,Inconnu,appartement,location,1970.73,53.62,1.0,1.0,3.0,2008.0,36.753636702722865,18.0,Economique,Petit,2024,5,2
ANO001061,1900-01-01,Villa à location - Agadir,agadir,Talborjt,villa,location,29870.53,291.77,3.0,1.0,0.0,2001.0,102.37697501456627,25.0,Economique,Grand,1900,1,1
ANO000179,2023-01-30,Beau Appartement Marrakech,marrakech,Targa,appartement,vente,471779.67,86.18,3.0,1.0,8.0,2003.0,5474.352169877001,23.0,Economique,Moyen,2023,1,1
ANO000855,2023-12-20,Beau Bureau Marrakech,marrakech,Medina,bureau,location,3319.32,130.22,0.0,0.0,1.0,2002.0,25.490093687605594,24.0,Economique,Moyen,2023,12,4
ANO001148,2023-01-27,Beau Appartement Tanger,tanger,Iberia,appartement,vente,1754350.97,88.52,4.0,3.0,4.0,2022.0,19818.69600090375,4.0,Haut Standing,Moyen,2023,1,1
ANO000075,2024-07-13,Terrain 106m² Medina,fès,Medina,terrain,vente,1005878.06,106.47,0.0,1.0,0.0,2008.0,9447.525687987227,18.0,Moyen,Moyen,2024,7,3
ANO001313,2024-11-09,Villa moderne Kenitra,kenitra,Centre,villa,vente,30000.0,143.38,3.0,1.0,0.0,2007.0,209.23420281768728,19.0,Economique,Moyen,2024,11,4
ANO000851,2024-10-12,Beau Bureau Marrakech,marrakech,Medina,bureau,vente,565606.68,44.8,0.0,1.0,3.0,2024.0,12625.149107142859,2.0,Moyen,Petit,2024,10,4
ANO000399,2024-04-06,Appartement à vente - Marrakech,marrakech,Inconnu,appartement,vente,358840.75,96.01,2.0,1.0,2.0,2008.0,3737.535152588272,18.0,Economique,Moyen,2024,4,2
ANO000530,2024-04-11,Villa moderne Fès,fès,Ville Nouvelle,villa,vente,5449458.24,183.79,4.0,3.0,1.0,2001.0,29650.461069699115,25.0,Luxe,Grand,2024,4,2
ANO000194,2024-09-25,Appartement moderne Rabat,rabat,Ocean,appartement,location,2749.0,93.46,3.0,2.0,4.0,1993.0,29.41365289963621,33.0,Economique,Moyen,2024,9,3
ANO001373,2024-05-15,Appartement à vente - Tanger,tanger,Iberia,appartement,vente,520876.15,37.75,2.0,2.0,3.0,2006.0,13798.043708609272,20.0,Moyen,Petit,2024,5,2
ANO001104,2024-04-23,Appartement moderne Tétouan,tétouan,M'diq,appartement,location,2199.85,55.45,2.0,2.0,5.0,2013.0,39.672678088367896,13.0,Economique,Petit,2024,4,2
ANO000022,2023-10-18,Appartement à location - Kenitra,kenitra,Inconnu,appartement,location,6086.07,105.31,2.0,1.0,9.0,2020.0,57.79194758332542,6.0,Economique,Moyen,2023,10,4
ANO000400,2024-11-03,Appartement à location - Tanger,tanger,Inconnu,appartement,location,8883.98,90.6,1.0,1.0,0.0,2020.0,98.05717439293598,6.0,Economique,Moyen,2024,11,4
ANO000040,2023-02-22,Bureau 165m² Centre Ville,tanger,Centre Ville,inconnu,vente,732528.78,165.71,0.0,0.0,1.0,2016.0,4420.546617584938,10.0,Moyen,Grand,2023,2,1
ANO000908,2023-07-22,Villa 165m² Ville Nouvelle,meknès,Ville Nouvelle,villa,vente,1947126.65,165.29,5.0,3.0,0.0,2021.0,11780.0632222155,5.0,Haut Standing,Grand,2023,7,3
ANO000524,2024-01-26,Appartement à vente - Oujda,oujda,Centre,appartement,vente,1788378.93,104.86,2.0,2.0,3.0,1999.0,17054.920179286666,27.0,Haut Standing,Moyen,2024,1,1
ANO000945,2024-01-17,Villa moderne Kenitra,kenitra,Hay Essalam,villa,vente,8344333.15,8.0,4.0,1.0,0.0,2008.0,1043041.64375,18.0,Luxe,Petit,2024,1,1
ANO001474,2024-08-20,Beau Appartement Meknès,meknès,Ville Nouvelle,appartement,vente,283798.27,119.24,3.0,1.0,1.0,2001.0,2380.059292183831,25.0,Economique,Moyen,2024,8,3
ANO000542,2023-02-16,Villa à vente - Agadir,agadir,Hay Mohammadi,villa,vente,1865927.96,399.86,5.0,2.0,0.0,2018.0,4666.453158605512,8.0,Haut Standing,Grand,2023,2,1
ANO000892,2023-05-11,Appartement à location - Rabat,rabat,Inconnu,appartement,location,7137.85,59.79,3.0,2.0,0.0,1970.0,119.38200367954508,56.0,Economique,Petit,2023,5,2
ANO000027,2023-09-24,Appartement à location - Meknès,meknès,Ville Nouvelle,appartement,location,2244.05,35.31,2.0,1.0,4.0,2008.0,63.55281789861229,18.0,Economique,Petit,2023,9,3
ANO001213,2023-10-13,Appartement à location - Marrakech,marrakech,Medina,appartement,location,7457.4,94.25,3.0,2.0,9.0,2009.0,79.1236074270557,17.0,Economique,Moyen,2023,10,4
ANO001063,2023-05-19,Appartement moderne Marrakech,marrakech,Targa,appartement,location,6085.14,107.34,3.0,2.0,2.0,2017.0,56.69032979318055,9.0,Economique,Moyen,2023,5,2
ANO000206,2023-04-06,Villa 258m² Oujda,oujda,Inconnu,villa,vente,6193831.77,258.75,4.0,3.0,0.0,2015.0,23937.51408695652,11.0,Luxe,Grand,2023,4,2
ANO001421,1900-01-01,Appartement à vente - Casablanca,casablanca,Ain Diab,appartement,vente,669715.85,77.83,1.0,1.0,1.0,2011.0,8604.85481176924,15.0,Moyen,Petit,1900,1,1
ANO001456,2024-02-09,Beau Villa Tétouan,tétouan,Inconnu,villa,vente,3248969.67,207.95,6.0,4.0,0.0,2010.0,15623.80221207021,16.0,Luxe,Grand,2024,2,1
ANO000446,2023-07-15,Appartement moderne Tanger,tanger,Malabata,appartement,vente,509549.68,69.66,2.0,1.0,0.0,2007.0,7314.810221073787,19.0,Moyen,Petit,2023,7,3
ANO001452,2023-08-19,Appartement à vente - Meknès,meknès,Inconnu,appartement,vente,349252.73,95.11,3.0,1.0,1.0,2008.0,3672.092629586794,18.0,Economique,Moyen,2023,8,3
ANO001034,2023-02-03,Terrain moderne Fès,fès,Ville Nouvelle,terrain,location,180.0,215.17,3.0,0.0,0.0,2012.0,0.8365478458892969,14.0,Economique,Grand,2023,2,1
ANO001496,2023-11-11,Beau Bureau Meknès,meknès,Hamria,bureau,vente,562097.62,136.83,0.0,0.0,0.0,2005.0,4107.999853833223,21.0,Moyen,Moyen,2023,11,4
ANO000358,2024-02-24,Terrain à vente - Oujda,oujda,Inconnu,terrain,vente,943112.25,309.22,20.0,1.0,0.0,1999.0,3049.9717029946314,27.0,Moyen,Grand,2024,2,1
ANO000175,2023-10-04,Appartement 99m² Centre,tétouan,Centre,appartement,location,1881.94,99.26,3.0,1.0,4.0,2003.0,18.9597017932702,23.0,Economique,Moyen,2023,10,4
ANO000104,2023-06-29,Duplex moderne Meknès,meknès,Hamria,duplex,location,6714.74,139.12,3.0,1.0,1.0,2018.0,48.26581368602645,8.0,Economique,Moyen,2023,6,2
ANO000546,2024-02-21,Beau Bureau Kenitra,kenitra,Hay Essalam,bureau,vente,1038540.61,81.8,0.0,1.0,6.0,2013.0,12696.095476772616,13.0,Moyen,Moyen,2024,2,1
ANO001327,2023-10-04,Beau Villa Oujda,oujda,Hay Qods,inconnu,location,9936.21,166.03,3.0,2.0,0.0,2020.0,59.845871228091305,6.0,Economique,Grand,2023,10,4
ANO000920,2024-01-23,Terrain moderne Agadir,agadir,Inconnu,terrain,vente,30000.0,3000.0,0.0,0.0,0.0,2014.0,10.0,12.0,Economique,Grand,2024,1,1
ANO000078,2024-09-21,Appartement à vente - Meknès,meknès,Hamria,appartement,vente,575975.03,86.14,4.0,1.0,0.0,2004.0,6686.499071279313,22.0,Moyen,Moyen,2024,9,3
ANO000848,2024-11-03,Terrain à vente - Oujda,oujda,Centre,terrain,vente,422448.53,273.96,0.0,0.0,0.0,2007.0,1542.0080668710764,19.0,Economique,Grand,2024,11,4
ANO000745,2023-07-11,Beau Terrain Rabat,rabat,Inconnu,terrain,vente,208968.85,407.11,0.0,1.0,0.0,1981.0,513.2982486305913,45.0,Economique,Grand,2023,7,3
ANO000302,2023-12-10,Beau Villa Meknès,meknès,Inconnu,villa,vente,2839225.93,265.29,4.0,2.0,1.0,2010.0,10702.348109615892,16.0,Haut Standing,Grand,2023,12,4
ANO001202,1900-01-01,Appartement moderne Kenitra,kenitra,Hay Essalam,appartement,location,8001.09,104.55,4.0,3.0,3.0,2003.0,76.52883787661406,23.0,Economique,Moyen,1900,1,1
ANO001419,2024-08-14,Appartement moderne Marrakech,marrakech,Inconnu,appartement,vente,2093539.21,110.89,1.0,1.0,1.0,2008.0,18879.42294165389,18.0,Haut Standing,Moyen,2024,8,3
ANO001224,2023-04-01,Villa 332m² Californie,casablanca,Californie,villa,location,9477.37,332.36,4.0,3.0,0.0,2013.0,28.515374894692503,13.0,Economique,Grand,2023,4,2
ANO000921,2023-11-13,Appartement 64m² Hassan,rabat,Hassan,appartement,vente,625543.55,64.89,1.0,1.0,1.0,2013.0,9640.060872245338,13.0,Moyen,Petit,2023,11,4
ANO000697,2024-09-04,Appartement moderne Fès,fès,Inconnu,appartement,inconnu,1818700.64,121.31,2.0,1.0,1.0,2004.0,14992.174099414722,22.0,Haut Standing,Moyen,2024,9,3
ANO000404,2024-10-12,Appartement à vente - Fès,fès,Inconnu,appartement,vente,2699830.7,53.9,3.0,1.0,1.0,1989.0,50089.62337662338,37.0,Haut Standing,Petit,2024,10,4
ANO000143,2023-12-01,Beau Appartement Fès,fès,Medina,appartement,vente,1614030.62,102.15,2.0,2.0,0.0,2015.0,15800.59344101811,11.0,Haut Standing,Moyen,2023,12,4
ANO000840,2024-05-22,Appartement moderne Marrakech,marrakech,Inconnu,appartement,vente,283683.96,79.26,1.0,1.0,1.0,2003.0,3579.1566994700984,23.0,Economique,Petit,2024,5,2
ANO000605,2024-01-25,Appartement moderne Meknès,meknès,Hamria,inconnu,location,10579.55,107.42,2.0,1.0,1.0,2007.0,98.48771178551479,19.0,Economique,Moyen,2024,1,1
ANO000220,2024-07-27,Beau Appartement Kenitra,kenitra,Hay Essalam,appartement,vente,547104.99,89.95,2.0,1.0,8.0,2008.0,6082.323401889938,18.0,Moyen,Moyen,2024,7,3
ANO000426,2024-10-04,Appartement moderne Meknès,meknès,Hamria,appartement,vente,567006.03,142.98,2.0,1.0,4.0,2013.0,3965.631766680655,13.0,Moyen,Moyen,2024,10,4
ANO001484,2023-03-12,Villa à location - Tanger,tanger,Inconnu,villa,location,11793.42,210.4,4.0,2.0,0.0,2006.0,56.05237642585551,20.0,Economique,Grand,2023,3,1
ANO000868,2023-02-20,Bureau 94m² Hassan,rabat,Hassan,bureau,location,5791.54,94.59,0.0,0.0,3.0,1982.0,61.22782535151707,44.0,Economique,Moyen,2023,2,1
ANO000015,2023-01-09,Appartement 77m² Kenitra,kenitra,Inconnu,appartement,location,2144.49,77.47,2.0,1.0,1.0,1998.0,27.681554149993545,28.0,Economique,Petit,2023,1,1
ANO000163,2023-06-12,Appartement moderne Rabat,rabat,Ocean,appartement,location,1889.65,57.96,3.0,1.0,1.0,2024.0,32.60265700483092,2.0,Economique,Petit,2023,6,2
ANO001056,1900-01-01,Villa 218m² Ville Nouvelle,fès,Ville Nouvelle,villa,vente,3372256.79,218.81,5.0,3.0,0.0,2002.0,15411.803802385632,24.0,Luxe,Grand,1900,1,1
ANO001397,1900-01-01,Appartement moderne Oujda,oujda,Hay Qods,appartement,location,2000.02,83.42,2.0,2.0,1.0,2013.0,23.975305682090625,13.0,Economique,Moyen,1900,1,1
ANO001081,2023-11-01,Bureau 234m² Non spécifié,casablanca,Non spécifié,bureau,vente,1204999.73,234.74,0.0,0.0,1.0,1974.0,5133.33786316776,52.0,Moyen,Grand,2023,11,4
ANO000665,2024-10-09,Villa moderne Tétouan,tétouan,Centre,villa,vente,7783370.06,306.66,5.0,2.0,0.0,2012.0,25381.106306658836,14.0,Luxe,Grand,2024,10,4
ANO001149,2023-09-04,Appartement moderne Tanger,tanger,Iberia,appartement,location,2533.79,56.47,3.0,1.0,0.0,2009.0,44.869665309013634,17.0,Economique,Petit,2023,9,3
ANO000891,2024-06-21,Villa à vente - Rabat,rabat,Ocean,villa,vente,1851614.09,296.56,3.0,1.0,0.0,2003.0,6243.640713514972,23.0,Haut Standing,Grand,2024,6,2
ANO001297,2024-01-11,Beau Appartement Rabat,rabat,Hassan,appartement,vente,567165.85,106.24,2.0,1.0,1.0,2010.0,5338.533979668675,16.0,Moyen,Moyen,2024,1,1
ANO000565,2023-10-03,Beau Appartement Tétouan,tétouan,Centre,appartement,vente,654555.68,51.35,2.0,1.0,0.0,2011.0,12746.946056475172,15.0,Moyen,Petit,2023,10,4
ANO000505,2024-02-07,Appartement à location - Marrakech,marrakech,Gueliz,appartement,location,1855.93,38.34,2.0,1.0,1.0,2009.0,48.407146583202916,17.0,Economique,Petit,2024,2,1
ANO001042,2024-08-29,Appartement à location - Meknès,meknès,Hamria,appartement,location,2028.15,81.52,3.0,2.0,0.0,2015.0,24.87917075564279,11.0,Economique,Moyen,2024,8,3
ANO001423,2024-03-12,Appartement moderne Tétouan,tétouan,Inconnu,appartement,inconnu,584907.65,2500.0,2.0,1.0,2.0,2001.0,233.96306,25.0,Moyen,Grand,2024,3,1
ANO000884,1900-01-01,Villa à vente - Agadir,agadir,Talborjt,villa,vente,2651138.59,177.38,4.0,2.0,0.0,2008.0,14946.096459578306,18.0,Haut Standing,Grand,1900,1,1
ANO000883,2023-01-03,Terrain à location - Meknès,meknès,Ville Nouvelle,terrain,location,2755.39,12.0,0.0,0.0,0.0,2008.0,229.6158333333333,18.0,Economique,Petit,2023,1,1
ANO000876,2023-04-20,Villa à vente - Casablanca,casablanca,Anfa,villa,vente,4708368.13,362.27,3.0,2.0,0.0,2010.0,12996.848013912275,16.0,Luxe,Grand,2023,4,2
ANO001320,2023-09-08,Appartement à location - Tétouan,tétouan,M'diq,appartement,location,2085.04,112.92,4.0,2.0,2.0,2008.0,18.464753808005668,18.0,Economique,Moyen,2023,9,3
ANO000918,2023-05-16,Terrain moderne Oujda,oujda,Inconnu,terrain,vente,1271905.92,244.1,0.0,0.0,0.0,2008.0,5210.593691110201,18.0,Moyen,Grand,2023,5,2
ANO000815,2024-09-12,Appartement 102m² Souissi,rabat,Souissi,appartement,location,1579.71,102.24,1.0,1.0,7.0,1992.0,15.45099765258216,34.0,Economique,Moyen,2024,9,3
ANO000266,2024-02-06,Villa moderne Marrakech,marrakech,Inconnu,villa,vente,2726576.43,246.84,3.0,1.0,0.0,2015.0,11045.9262275158,11.0,Haut Standing,Grand,2024,2,1
ANO001339,2023-04-10,Villa à location - Rabat,rabat,Hassan,inconnu,location,320000.0,203.67,4.0,3.0,0.0,1992.0,1571.1690479697552,34.0,Economique,Grand,2023,4,2
ANO000994,2023-07-08,Beau Appartement Fès,fès,Inconnu,appartement,vente,573977.25,91.6,1.0,1.0,1.0,2019.0,6266.1271834061135,7.0,Moyen,Moyen,2023,7,3
ANO000514,2024-05-27,Terrain 296m² Medina,fès,Medina,terrain,vente,10000.0,296.7,0.0,0.0,0.0,2024.0,33.70407819346141,2.0,Economique,Grand,2024,5,2
ANO000262,2023-03-30,Appartement à location - Oujda,oujda,Hay Qods,appartement,location,2493.08,98.99,3.0,1.0,2.0,2018.0,25.18517021921406,8.0,Economique,Moyen,2023,3,1
ANO000957,2023-03-19,Terrain moderne Kenitra,kenitra,Inconnu,terrain,location,3841.78,447.48,0.0,0.0,0.0,2004.0,8.585366943774023,22.0,Economique,Grand,2023,3,1
ANO000824,2024-06-27,Terrain 428m² Hay Mohammadi,agadir,Hay Mohammadi,terrain,vente,737205.85,428.76,0.0,0.0,0.0,2024.0,1719.390451534658,2.0,Moyen,Grand,2024,6,2
ANO000742,2023-03-03,Beau Appartement Oujda,oujda,Centre,appartement,location,2113.01,68.77,1.0,1.0,3.0,2020.0,30.725752508361207,6.0,Economique,Petit,2023,3,1
ANO001153,2024-12-13,Beau Appartement Casablanca,casablanca,Bourgogne,appartement,inconnu,2722.61,75.59,2.0,2.0,0.0,2000.0,36.01812409048816,26.0,Economique,Petit,2024,12,4
ANO000844,2024-02-09,Appartement à location - Tanger,tanger,Centre Ville,appartement,location,1657.17,96.84,2.0,2.0,0.0,2002.0,17.112453531598515,24.0,Economique,Moyen,2024,2,1
ANO001256,2023-02-17,Villa moderne Marrakech,marrakech,Hivernage,villa,location,24105.68,171.97,3.0,2.0,1.0,2020.0,140.17375123568064,6.0,Economique,Grand,2023,2,1
ANO001242,2023-04-14,Villa moderne Marrakech,marrakech,Gueliz,villa,vente,1306812.27,200.24,3.0,1.0,0.0,2014.0,6526.2298741510185,12.0,Moyen,Grand,2023,4,2
ANO000254,2024-09-18,Beau Appartement Marrakech,marrakech,Targa,appartement,vente,634037.19,70.61,2.0,1.0,2.0,2008.0,8979.424868998725,18.0,Moyen,Petit,2024,9,3
ANO000354,2023-07-24,Terrain à location - Marrakech,marrakech,Gueliz,terrain,location,2755.26,392.6,0.0,0.0,0.0,1987.0,7.017982679572084,39.0,Economique,Grand,2023,7,3
ANO000438,2024-07-06,Appartement moderne Rabat,rabat,Souissi,inconnu,vente,2327106.52,119.76,2.0,1.0,7.0,2008.0,19431.41716766867,18.0,Haut Standing,Moyen,2024,7,3
ANO000779,1900-01-01,Appartement à vente - Meknès,meknès,Ville Nouvelle,appartement,vente,2356153.27,99.38,1.0,1.0,5.0,2014.0,23708.52555846247,12.0,Haut Standing,Moyen,1900,1,1
ANO001276,2023-02-08,Terrain 158m² Hay Essalam,kenitra,Hay Essalam,terrain,vente,1151515.37,158.86,0.0,0.0,1.0,2013.0,7248.617461916153,13.0,Moyen,Grand,2023,2,1
ANO001409,2024-09-30,Appartement à vente - Kenitra,kenitra,Centre,appartement,vente,385191.65,98.0,2.0,2.0,5.0,2024.0,3930.527040816327,2.0,Economique,Moyen,2024,9,3
ANO000193,2024-10-24,Appartement moderne Rabat,rabat,Hassan,appartement,location,2313.09,104.27,3.0,1.0,6.0,1977.0,22.18365781145104,49.0,Economique,Moyen,2024,10,4
ANO000453,2024-01-22,Bureau à vente - Meknès,meknès,Inconnu,bureau,vente,981502.22,135.67,0.0,0.0,0.0,1998.0,7234.482346871085,28.0,Moyen,Moyen,2024,1,1
ANO000424,2023-10-17,Villa moderne Agadir,agadir,Hay Mohammadi,villa,vente,2818046.59,337.3,5.0,3.0,0.0,2014.0,8354.718618440556,12.0,Haut Standing,Grand,2023,10,4
ANO000926,2024-05-05,Beau Bureau Casablanca,casablanca,Anfa,bureau,vente,1086049.8,109.75,0.0,0.0,1.0,1996.0,9895.670159453304,30.0,Moyen,Moyen,2024,5,2
ANO001380,2023-03-16,Appartement 107m² Ville Nouvelle,fès,Ville Nouvelle,appartement,vente,590554.9,107.28,2.0,1.0,1.0,2008.0,5504.799589858315,18.0,Moyen,Moyen,2023,3,1
ANO000437,2024-09-13,Beau Bureau Oujda,oujda,Inconnu,bureau,location,6537.43,138.99,0.0,0.0,2.0,2009.0,47.03525433484423,17.0,Economique,Moyen,2024,9,3
ANO001307,2023-05-31,Beau Appartement Kenitra,kenitra,Hay Essalam,appartement,vente,663951.35,83.51,1.0,1.0,6.0,2008.0,7950.561010657406,18.0,Moyen,Moyen,2023,5,2
ANO001414,2024-10-06,Villa moderne Meknès,meknès,Inconnu,villa,vente,5882654.01,102.65,5.0,2.0,1.0,2017.0,57307.88124695567,9.0,Luxe,Moyen,2024,10,4
ANO001011,2023-03-03,Beau Appartement Tanger,tanger,Malabata,appartement,location,4018.68,68.54,4.0,2.0,1.0,2013.0,58.632623285672594,13.0,Economique,Petit,2023,3,1
ANO000201,2024-05-14,Beau Appartement Tanger,tanger,Centre Ville,appartement,vente,2302795.45,61.95,2.0,2.0,0.0,2016.0,37171.8393866021,10.0,Haut Standing,Petit,2024,5,2
ANO000834,2024-07-27,Terrain à vente - Kenitra,kenitra,Inconnu,terrain,vente,902015.39,368.47,0.0,0.0,1.0,2017.0,2448.0022525578743,9.0,Moyen,Grand,2024,7,3
ANO000372,2023-10-07,Appartement moderne Tétouan,tétouan,Inconnu,appartement,vente,609481.83,88.76,1.0,1.0,1.0,2012.0,6866.627196935556,14.0,Moyen,Moyen,2023,10,4
ANO000215,2023-07-24,Appartement à vente - Tanger,tanger,Iberia,appartement,vente,518849.04,47.42,1.0,1.0,3.0,2008.0,10941.565584141712,18.0,Moyen,Petit,2023,7,3
ANO000209,2024-11-06,Terrain à location - Rabat,rabat,Souissi,terrain,inconnu,5111.82,238.65,0.0,0.0,0.0,1985.0,21.41973601508485,41.0,Economique,Grand,2024,11,4
ANO000256,2024-10-30,Beau Appartement Fès,fès,Zouagha,appartement,vente,465618.83,84.13,2.0,1.0,1.0,2024.0,5534.515987162725,2.0,Economique,Moyen,2024,10,4
ANO001087,2024-04-04,Terrain 472m² Talborjt,agadir,Talborjt,terrain,vente,1156020.39,472.36,0.0,1.0,0.0,2008.0,2447.3291345583875,18.0,Moyen,Grand,2024,4,2
ANO001102,2024-03-07,Terrain 432m² Ville Nouvelle,meknès,Ville Nouvelle,terrain,vente,492274.19,432.1,0.0,0.0,0.0,2018.0,1139.2598704003701,8.0,Economique,Grand,2024,3,1
ANO000392,2024-11-02,Bureau moderne Casablanca,casablanca,Bourgogne,bureau,vente,1174962.75,89.84,0.0,0.0,8.0,1995.0,13078.39214158504,31.0,Moyen,Moyen,2024,11,4
ANO000914,2023-05-05,Beau Bureau Kenitra,kenitra,Centre,bureau,vente,1541590.39,136.59,0.0,0.0,1.0,2013.0,11286.261000073211,13.0,Haut Standing,Moyen,2023,5,2
ANO001314,2024-02-24,Beau Bureau Oujda,oujda,Inconnu,bureau,vente,890972.5,135.17,0.0,0.0,1.0,2019.0,6591.495894059333,7.0,Moyen,Moyen,2024,2,1
ANO000098,2023-10-30,Duplex 120m² Medina,fès,Medina,duplex,vente,1504199.44,120.53,3.0,2.0,8.0,2012.0,12479.875881523272,14.0,Haut Standing,Moyen,2023,10,4
ANO000703,2024-02-18,Appartement à vente - Tanger,tanger,Iberia,appartement,vente,441925.51,100.96,2.0,1.0,3.0,2007.0,4377.23365689382,19.0,Economique,Moyen,2024,2,1
ANO000409,2023-07-20,Beau Appartement Marrakech,marrakech,Gueliz,appartement,vente,1925884.94,81.75,3.0,3.0,2.0,2010.0,23558.225565749235,16.0,Haut Standing,Moyen,2023,7,3
ANO000612,2024-06-15,Villa 201m² Agadir,agadir,Inconnu,villa,location,9374.25,201.01,3.0,2.0,0.0,2012.0,46.63573951544699,14.0,Economique,Grand,2024,6,2
ANO001382,2024-02-22,Villa moderne Kenitra,kenitra,Inconnu,villa,vente,6467479.28,128.49,4.0,2.0,0.0,2008.0,50334.49513580823,18.0,Luxe,Moyen,2024,2,1
ANO000054,2024-08-25,Appartement à vente - Fès,fès,Ville Nouvelle,appartement,vente,628786.43,60.63,2.0,2.0,1.0,2011.0,10370.879597558964,15.0,Moyen,Petit,2024,8,3
ANO000776,2024-07-28,Terrain 168m² Anfa,casablanca,Anfa,terrain,location,4002.49,169.0,3.0,0.0,0.0,1994.0,23.68337278106509,32.0,Economique,Grand,2024,7,3
ANO000699,2024-07-15,Bureau à vente - Kenitra,kenitra,Centre,bureau,vente,1615644.71,116.97,0.0,0.0,0.0,2015.0,13812.47080447978,11.0,Haut Standing,Moyen,2024,7,3
ANO001333,2023-04-20,Appartement 76m² Malabata,tanger,Malabata,appartement,vente,300662.58,76.99,3.0,1.0,2.0,2023.0,3905.2160020781926,3.0,Economique,Petit,2023,4,2
ANO000645,2024-10-13,Beau Appartement Oujda,oujda,Centre,appartement,location,1976.65,82.35,3.0,3.0,6.0,2024.0,24.003035822707957,2.0,Economique,Moyen,2024,10,4
ANO001032,2023-06-12,Villa 180m² Meknès,meknès,Inconnu,villa,vente,6629414.96,180.89,3.0,2.0,1.0,2008.0,36648.874785781416,18.0,Luxe,Grand,2023,6,2
ANO000603,2023-11-07,Appartement 97m² Medina,marrakech,Medina,appartement,location,8427.4,97.72,4.0,3.0,0.0,2008.0,86.24027834629554,18.0,Economique,Moyen,2023,11,4
ANO000679,2023-10-01,Appartement à vente - Casablanca,casablanca,Californie,appartement,vente,677225.19,153.99,3.0,2.0,4.0,2005.0,4397.851743619715,21.0,Moyen,Grand,2023,10,4
ANO000576,2023-04-10,Appartement à vente - Tanger,tanger,Iberia,appartement,vente,2434392.85,71.6,2.0,2.0,2.0,2016.0,33999.90013966481,10.0,Haut Standing,Petit,2023,4,2
ANO000814,2023-07-21,Appartement 128m² Non spécifié,casablanca,Non spécifié,appartement,vente,357210.75,128.74,2.0,1.0,0.0,2008.0,2774.6679353736213,18.0,Economique,Moyen,2023,7,3
ANO001449,2023-12-16,Villa à location - Tanger,tanger,Malabata,villa,location,7492.2,252.19,4.0,2.0,0.0,2009.0,29.70855307506245,17.0,Economique,Grand,2023,12,4
ANO000847,2023-07-08,Appartement 86m² Ville Nouvelle,meknès,Ville Nouvelle,appartement,vente,400513.91,86.37,1.0,1.0,0.0,2004.0,4637.187796688664,22.0,Economique,Moyen,2023,7,3
ANO000760,1900-01-01,Appartement 101m² Hay Essalam,kenitra,Hay Essalam,appartement,vente,412144.72,101.66,2.0,2.0,2.0,2013.0,4054.148337595908,13.0,Economique,Moyen,1900,1,1
ANO000701,2023-09-05,Bureau moderne Oujda,oujda,Centre,bureau,vente,60000000.0,83.92,0.0,0.0,6.0,2003.0,714966.6348903718,23.0,Luxe,Moyen,2023,9,3
ANO001129,2023-05-31,Villa 204m² Ville Nouvelle,meknès,Ville Nouvelle,villa,vente,2752950.21,204.88,6.0,4.0,0.0,2003.0,13436.890911753222,23.0,Haut Standing,Grand,2023,5,2
ANO001058,2024-07-26,Beau Appartement Tétouan,tétouan,M'diq,appartement,vente,2243298.48,52.07,20.0,10.0,2.0,2016.0,43082.359900134434,10.0,Haut Standing,Petit,2024,7,3
ANO000873,2023-02-16,Villa moderne Marrakech,marrakech,Inconnu,villa,vente,4898739.3,256.56,4.0,3.0,0.0,2008.0,19093.93241347053,18.0,Luxe,Grand,2023,2,1
ANO000598,2023-10-26,Beau Duplex Casablanca,casablanca,Hay Mohammadi,duplex,vente,1869015.65,141.99,2.0,1.0,1.0,2008.0,13163.009014719344,18.0,Haut Standing,Moyen,2023,10,4
ANO000210,2023-03-07,Villa 254m² Talborjt,agadir,Talborjt,villa,location,23245.28,254.46,4.0,2.0,0.0,2008.0,91.3514108307789,18.0,Economique,Grand,2023,3,1
ANO000050,2024-11-19,Appartement moderne Agadir,agadir,Centre,appartement,vente,391545.21,98.05,4.0,2.0,3.0,2012.0,3993.321876593575,14.0,Economique,Moyen,2024,11,4
ANO000786,2024-08-26,Villa 220m² Centre,kenitra,Centre,villa,vente,6391875.8,220.46,4.0,3.0,1.0,2011.0,28993.35843236868,15.0,Luxe,Grand,2024,8,3
ANO000377,2024-09-21,Appartement moderne Agadir,agadir,Inconnu,appartement,vente,542303.4,93.22,2.0,1.0,1.0,2012.0,5817.457627118644,14.0,Moyen,Moyen,2024,9,3
ANO000414,2023-10-28,Appartement à vente - Rabat,rabat,Hay Riad,appartement,inconnu,745407.59,75.52,1.0,1.0,3.0,1996.0,9870.333554025423,30.0,Moyen,Petit,2023,10,4
ANO001002,2024-06-11,Beau Appartement Agadir,agadir,Hay Mohammadi,appartement,location,11020.3,98.91,4.0,2.0,1.0,2008.0,111.41745020725912,18.0,Economique,Moyen,2024,6,2
ANO000259,2023-07-26,Appartement 45m² Talborjt,agadir,Talborjt,appartement,vente,60000000.0,45.74,3.0,1.0,5.0,2004.0,1311762.1337997376,22.0,Luxe,Petit,2023,7,3
ANO000999,2023-10-08,Bureau à vente - Meknès,meknès,Inconnu,bureau,vente,819232.62,123.1,0.0,1.0,1.0,2012.0,6655.017221770918,14.0,Moyen,Moyen,2023,10,4
ANO001422,2024-06-25,Villa 245m² Iberia,tanger,Iberia,villa,location,22249.45,245.21,5.0,3.0,0.0,2013.0,90.73630765466335,13.0,Economique,Grand,2024,6,2
ANO000996,2024-01-27,Appartement moderne Casablanca,casablanca,Ain Diab,appartement,location,1739.18,81.93,2.0,2.0,4.0,2001.0,21.227633345538873,25.0,Economique,Moyen,2024,1,1
ANO001093,2024-11-26,Appartement 88m² Ocean,rabat,Ocean,appartement,location,9872.32,88.36,3.0,1.0,4.0,2001.0,111.72838388411046,25.0,Economique,Moyen,2024,11,4
ANO000489,2024-02-07,Beau Appartement Agadir,agadir,Inconnu,appartement,vente,1767790.62,99.71,1.0,1.0,0.0,2023.0,17729.32123157156,3.0,Haut Standing,Moyen,2024,2,1
ANO000269,2024-12-11,Villa à vente - Tétouan,tétouan,M'diq,villa,vente,5348255.66,225.27,5.0,3.0,0.0,2008.0,23741.53531317974,18.0,Luxe,Grand,2024,12,4
ANO000401,2024-12-14,Appartement à vente - Casablanca,casablanca,Ain Diab,appartement,vente,80000000.0,74.26,4.0,2.0,0.0,2001.0,1077295.987072448,25.0,Luxe,Petit,2024,12,4
ANO000347,2023-09-12,Appartement à vente - Kenitra,kenitra,Inconnu,inconnu,vente,576934.22,111.18,1.0,1.0,1.0,2008.0,5189.190681777298,18.0,Moyen,Moyen,2023,9,3
ANO001107,2023-06-17,Beau Appartement Meknès,meknès,Ville Nouvelle,appartement,location,2738.49,143.0,4.0,2.0,1.0,2011.0,19.15027972027972,15.0,Economique,Moyen,2023,6,2
ANO001338,1900-01-01,Appartement 60m² Tétouan,tétouan,Inconnu,appartement,vente,381332.43,60.38,2.0,2.0,3.0,2008.0,6315.542066909572,18.0,Economique,Petit,1900,1,1
ANO000828,2024-02-09,Villa à vente - Tétouan,tétouan,M'diq,villa,vente,3059688.95,409.4,5.0,3.0,1.0,2003.0,7473.592940889107,23.0,Luxe,Grand,2024,2,1
ANO001219,2024-08-29,Villa à vente - Marrakech,marrakech,Targa,villa,vente,2274681.74,279.13,3.0,3.0,1.0,2010.0,8149.184036112207,16.0,Haut Standing,Grand,2024,8,3
ANO000633,2023-02-09,Terrain 491m² Centre,kenitra,Centre,terrain,vente,722361.18,491.84,0.0,0.0,0.0,2014.0,1468.6914037085232,12.0,Moyen,Grand,2023,2,1
ANO000029,2023-07-23,Appartement moderne Rabat,rabat,Inconnu,appartement,vente,452980.77,72.46,3.0,1.0,1.0,2013.0,6251.4597019044995,13.0,Economique,Petit,2023,7,3
ANO000308,2024-08-27,Bureau 125m² Meknès,meknès,Inconnu,bureau,vente,789393.88,125.32,3.0,0.0,2.0,2004.0,6299.025534631344,22.0,Moyen,Moyen,2024,8,3
ANO000150,2024-09-20,Beau Villa Tanger,tanger,Iberia,villa,location,18360.72,208.89,4.0,2.0,0.0,2001.0,87.89659629470057,25.0,Economique,Grand,2024,9,3
ANO000407,2024-04-23,Beau Appartement Agadir,agadir,Hay Mohammadi,appartement,vente,449758.35,138.63,3.0,2.0,0.0,2000.0,3244.307509197143,26.0,Economique,Moyen,2024,4,2
ANO000777,2024-01-03,Villa à vente - Kenitra,kenitra,Hay Essalam,villa,vente,2547768.88,317.93,5.0,2.0,0.0,2007.0,8013.615827383386,19.0,Haut Standing,Grand,2024,1,1
ANO000345,2024-02-02,Beau Appartement Meknès,meknès,Inconnu,appartement,vente,2159689.25,101.18,4.0,3.0,3.0,2006.0,21345.021249258745,20.0,Haut Standing,Moyen,2024,2,1
ANO000368,2024-12-23,Villa moderne Tétouan,tétouan,Inconnu,villa,vente,751872.31,417.07,4.0,3.0,0.0,2008.0,1802.748483468003,18.0,Moyen,Grand,2024,12,4
ANO000319,2024-10-21,Villa 339m² Meknès,meknès,Inconnu,villa,vente,2158924.41,339.38,3.0,1.0,0.0,2012.0,6361.377836053981,14.0,Haut Standing,Grand,2024,10,4
ANO000675,2024-08-03,Appartement 52m² Talborjt,agadir,Talborjt,appartement,vente,713279.03,52.28,3.0,2.0,9.0,2008.0,13643.43974751339,18.0,Moyen,Petit,2024,8,3
ANO001051,2023-01-12,Appartement à location - Casablanca,casablanca,Inconnu,appartement,location,2604.15,75.77,3.0,2.0,5.0,2008.0,34.369143460472486,18.0,Economique,Petit,2023,1,1
ANO000135,2024-02-06,Appartement moderne Agadir,agadir,Hay Mohammadi,appartement,vente,550629.24,86.17,4.0,3.0,1.0,2008.0,6390.034118602762,18.0,Moyen,Moyen,2024,2,1
ANO000863,2024-09-25,Appartement moderne Oujda,oujda,Centre,appartement,vente,391690.34,79.93,2.0,2.0,0.0,2008.0,4900.417114975604,18.0,Economique,Petit,2024,9,3
ANO000454,2024-07-30,Appartement à vente - Oujda,oujda,Hay Qods,appartement,vente,572003.19,84.62,1.0,1.0,3.0,2014.0,6759.66899078232,12.0,Moyen,Moyen,2024,7,3
ANO001246,2023-07-18,Appartement moderne Rabat,rabat,Inconnu,appartement,vente,535353.14,73.55,3.0,1.0,3.0,1997.0,7278.764649898029,29.0,Moyen,Petit,2023,7,3
ANO000231,2024-12-19,Beau Appartement Kenitra,kenitra,Centre,appartement,vente,506684.06,113.98,3.0,1.0,4.0,2001.0,4445.376908229514,25.0,Moyen,Moyen,2024,12,4
ANO000478,2023-01-27,Terrain 403m² Marrakech,marrakech,Inconnu,terrain,vente,1044721.16,403.26,0.0,1.0,0.0,2005.0,2590.688786390914,21.0,Moyen,Grand,2023,1,1
ANO001024,2023-10-25,Beau Appartement Meknès,meknès,Hamria,appartement,location,2532.51,53.27,18.0,9.0,6.0,2023.0,47.54101745823165,3.0,Economique,Petit,2023,10,4
ANO001222,2023-10-13,Beau Terrain Rabat,rabat,Ocean,terrain,vente,893713.46,443.13,0.0,0.0,0.0,1981.0,2016.820030239433,45.0,Moyen,Grand,2023,10,4
ANO000967,2023-02-23,Appartement 92m² Centre,kenitra,Centre,appartement,vente,515506.3,92.18,2.0,1.0,1.0,2009.0,5592.387719678889,17.0,Moyen,Moyen,2023,2,1
ANO000095,2024-05-22,Bureau moderne Marrakech,marrakech,Medina,bureau,vente,1834406.73,70.49,0.0,0.0,4.0,2024.0,26023.644914172226,2.0,Haut Standing,Petit,2024,5,2
ANO001384,2024-12-30,Beau Appartement Casablanca,casablanca,Californie,appartement,vente,579223.62,83.49,2.0,2.0,0.0,2016.0,6937.640675530004,10.0,Moyen,Moyen,2024,12,4
ANO000700,2023-10-01,Appartement à vente - Kenitra,kenitra,Centre,appartement,vente,421377.13,46.16,3.0,1.0,7.0,2016.0,9128.620667244368,10.0,Economique,Petit,2023,10,4
ANO000455,2024-11-02,Beau Villa Agadir,agadir,Inconnu,villa,location,24717.48,172.15,4.0,3.0,1.0,2019.0,143.58106302643043,7.0,Economique,Grand,2024,11,4
ANO000168,2024-08-08,Beau Villa Tanger,tanger,Centre Ville,villa,vente,3154708.32,138.11,4.0,2.0,0.0,2014.0,22841.997827818403,12.0,Luxe,Moyen,2024,8,3
ANO000766,2023-01-31,Villa à location - Tétouan,tétouan,Centre,villa,location,320000.0,283.47,5.0,3.0,0.0,2021.0,1128.8672522665536,5.0,Economique,Grand,2023,1,1
ANO000593,2024-12-04,Terrain moderne Kenitra,kenitra,Centre,terrain,location,2465.88,295.56,0.0,0.0,0.0,2006.0,8.34307754770605,20.0,Economique,Grand,2024,12,4
ANO001466,2024-03-26,Appartement à vente - Marrakech,marrakech,Targa,appartement,vente,387097.9,62.48,3.0,1.0,4.0,2002.0,6195.548975672215,24.0,Economique,Petit,2024,3,1
ANO001425,2023-04-12,Appartement moderne Tanger,tanger,Iberia,appartement,vente,386971.12,58.01,2.0,1.0,9.0,1993.0,6670.7657300465435,33.0,Economique,Petit,2023,4,2
ANO000136,2023-09-26,Beau Villa Tanger,tanger,Inconnu,villa,vente,2511424.97,164.59,3.0,1.0,0.0,2008.0,15258.67288413634,18.0,Haut Standing,Grand,2023,9,3
ANO000998,2024-06-25,Terrain moderne Tanger,tanger,Centre Ville,terrain,location,3922.54,308.64,0.0,0.0,0.0,2008.0,12.709110938310006,18.0,Economique,Grand,2024,6,2
ANO000321,2023-05-02,Appartement moderne Meknès,meknès,Ville Nouvelle,appartement,vente,627126.73,118.23,3.0,2.0,0.0,2011.0,5304.294426118582,15.0,Moyen,Moyen,2023,5,2
ANO000654,2024-07-18,Beau Villa Casablanca,casablanca,Maarif,villa,vente,2311619.46,245.61,3.0,2.0,1.0,2004.0,9411.748137290826,22.0,Haut Standing,Grand,2024,7,3
ANO001279,2024-03-20,Villa à vente - Meknès,meknès,Inconnu,villa,vente,1714937.87,218.2,5.0,1.0,0.0,2019.0,7859.476947754355,7.0,Haut Standing,Grand,2024,3,1
ANO000951,2024-02-22,Beau Appartement Rabat,rabat,Inconnu,appartement,vente,484207.74,105.83,2.0,1.0,1.0,1983.0,4575.335349144855,43.0,Economique,Moyen,2024,2,1
ANO000696,2024-06-14,Beau Appartement Meknès,meknès,Inconnu,appartement,vente,1511715.03,72.3,3.0,2.0,4.0,2008.0,20908.921576763485,18.0,Haut Standing,Petit,2024,6,2
ANO000005,2024-10-20,Villa moderne Oujda,oujda,Centre,villa,vente,6362943.41,96.94,4.0,2.0,0.0,2008.0,65637.95553950898,18.0,Luxe,Moyen,2024,10,4
ANO001396,2024-03-31,Appartement moderne Tétouan,tétouan,M'diq,appartement,vente,60000000.0,143.73,3.0,2.0,0.0,2004.0,417449.38426215824,22.0,Luxe,Moyen,2024,3,1
ANO001068,2023-09-01,Appartement moderne Fès,fès,Ville Nouvelle,appartement,vente,601053.38,90.56,4.0,2.0,3.0,2019.0,6637.073542402827,7.0,Moyen,Moyen,2023,9,3
ANO001337,2023-11-21,Appartement moderne Agadir,agadir,Talborjt,appartement,vente,1804690.46,100.83,4.0,2.0,2.0,2010.0,17898.34830903501,16.0,Haut Standing,Moyen,2023,11,4
ANO001460,2024-05-22,Villa 273m² Medina,marrakech,Medina,villa,vente,3221034.83,273.62,6.0,3.0,0.0,2003.0,11771.927600321615,23.0,Luxe,Grand,2024,5,2
ANO001336,2023-06-20,Beau Appartement Fès,fès,Inconnu,appartement,vente,621108.07,17.39,4.0,3.0,2.0,1990.0,35716.39275445658,36.0,Moyen,Petit,2023,6,2
ANO000683,1900-01-01,Appartement 84m² Malabata,tanger,Malabata,appartement,location,2200.1,84.77,2.0,1.0,1.0,2007.0,25.953757225433527,19.0,Economique,Moyen,1900,1,1
ANO000902,2024-04-02,Beau Appartement Marrakech,marrakech,Gueliz,appartement,location,2691.38,91.23,4.0,3.0,0.0,2018.0,29.501041324125836,8.0,Economique,Moyen,2024,4,2
ANO001193,2023-12-10,Appartement moderne Tanger,tanger,Inconnu,appartement,vente,450165.41,69.04,3.0,1.0,1.0,2003.0,6520.356460023174,23.0,Economique,Petit,2023,12,4
ANO000949,2023-12-11,Bureau 76m² Centre Ville,tanger,Centre Ville,inconnu,vente,1286710.23,76.11,0.0,0.0,3.0,2005.0,16905.928655892785,21.0,Moyen,Petit,2023,12,4
ANO000008,2024-05-12,Terrain moderne Rabat,rabat,Ocean,terrain,vente,732267.11,308.1,0.0,0.0,0.0,1978.0,2376.7189548847773,48.0,Moyen,Grand,2024,5,2
ANO000301,2023-10-10,Appartement moderne Rabat,rabat,Souissi,inconnu,vente,2147469.32,75.17,3.0,2.0,1.0,2000.0,28568.169748569904,26.0,Haut Standing,Petit,2023,10,4
ANO000732,2024-05-21,Appartement moderne Kenitra,kenitra,Hay Essalam,inconnu,vente,1454730.4,89.74,2.0,2.0,1.0,2004.0,16210.501448629373,22.0,Moyen,Moyen,2024,5,2
ANO000273,2024-05-13,Appartement moderne Meknès,meknès,Hamria,appartement,vente,582046.03,107.24,3.0,1.0,2.0,2010.0,5427.508672137263,16.0,Moyen,Moyen,2024,5,2
ANO000283,2023-09-29,Duplex à vente - Marrakech,marrakech,Targa,duplex,vente,1973501.19,272.77,3.0,2.0,3.0,2004.0,7235.037540785277,22.0,Haut Standing,Grand,2023,9,3
ANO001207,2024-12-19,Appartement moderne Rabat,rabat,Agdal,appartement,location,2773.49,107.37,1.0,1.0,5.0,1979.0,25.8311446400298,47.0,Economique,Moyen,2024,12,4
ANO000895,2023-02-11,Beau Bureau Meknès,meknès,Ville Nouvelle,bureau,vente,1068220.89,149.27,3.0,0.0,4.0,2012.0,7156.299926308031,14.0,Moyen,Moyen,2023,2,1
ANO001098,2023-05-04,Beau Villa Casablanca,casablanca,Maarif,villa,location,3824.38,352.16,3.0,2.0,0.0,2005.0,10.859779645615628,21.0,Economique,Grand,2023,5,2
ANO001045,2023-08-23,Villa à location - Casablanca,casablanca,Bourgogne,villa,location,13612.79,369.6,3.0,1.0,0.0,2000.0,36.831141774891776,26.0,Economique,Grand,2023,8,3
ANO000519,2024-07-03,Appartement 94m² Tétouan,tétouan,Inconnu,appartement,vente,522822.53,94.18,3.0,1.0,10.0,2017.0,5551.311637290295,9.0,Moyen,Moyen,2024,7,3
ANO000936,2023-08-21,Beau Appartement Kenitra,kenitra,Hay Essalam,appartement,vente,336850.44,82.99,1.0,1.0,5.0,2003.0,4058.9280636221233,23.0,Economique,Moyen,2023,8,3
ANO001329,2024-10-15,Appartement moderne Agadir,agadir,Centre,appartement,vente,579145.84,32.95,3.0,2.0,3.0,2014.0,17576.50500758725,12.0,Moyen,Petit,2024,10,4
ANO000674,2024-04-01,Beau Villa Tétouan,tétouan,Inconnu,villa,vente,1580370.8,254.79,5.0,2.0,1.0,2012.0,6202.640605989246,14.0,Haut Standing,Grand,2024,4,2
ANO001109,2023-11-25,Villa 288m² Hay Riad,rabat,Hay Riad,villa,vente,2751938.67,288.01,4.0,2.0,0.0,1999.0,9555.010832957189,27.0,Haut Standing,Grand,2023,11,4
ANO000765,2023-03-27,Terrain moderne Tétouan,tétouan,M'diq,terrain,vente,825595.44,203.01,3.0,0.0,0.0,2008.0,4066.7722772277225,18.0,Moyen,Grand,2023,3,1
ANO000125,2023-01-10,Villa 326m² Oujda,oujda,Inconnu,villa,vente,8176715.41,326.74,4.0,2.0,0.0,2024.0,25025.143569810858,2.0,Luxe,Grand,2023,1,1
ANO000348,2024-03-02,Terrain 429m² Agadir,agadir,Inconnu,terrain,vente,662334.72,429.44,0.0,0.0,0.0,2008.0,1542.321907600596,18.0,Moyen,Grand,2024,3,1
ANO000655,2023-09-25,Appartement 101m² Hay Essalam,kenitra,Hay Essalam,appartement,location,8833.8,101.13,2.0,1.0,0.0,2014.0,87.35093444081875,12.0,Economique,Moyen,2023,9,3
ANO000190,2024-12-25,Beau Villa Fès,fès,Medina,villa,location,6783.83,100.34,4.0,3.0,0.0,1994.0,67.60843133346621,32.0,Economique,Moyen,2024,12,4
ANO000320,2024-01-27,Appartement moderne Tétouan,tétouan,Centre,appartement,vente,2182701.29,99.24,2.0,1.0,3.0,2013.0,21994.16858121725,13.0,Haut Standing,Moyen,2024,1,1
ANO001065,2024-10-14,Terrain à vente - Agadir,agadir,Hay Mohammadi,terrain,vente,1484495.55,225.88,3.0,0.0,0.0,2008.0,6572.053966707987,18.0,Moyen,Grand,2024,10,4
ANO001471,2023-03-23,Beau Terrain Casablanca,casablanca,Californie,terrain,vente,599496.44,292.67,0.0,0.0,0.0,1984.0,2048.3699730071407,42.0,Moyen,Grand,2023,3,1
ANO000944,2023-04-20,Appartement à vente - Tanger,tanger,Malabata,appartement,vente,1853397.19,42.4,1.0,1.0,5.0,2008.0,43712.19787735849,18.0,Haut Standing,Petit,2023,4,2
ANO001253,2023-05-13,Beau Appartement Rabat,rabat,Inconnu,appartement,inconnu,30000.0,136.05,2.0,1.0,4.0,2004.0,220.50716648291066,22.0,Economique,Moyen,2023,5,2
ANO001165,2023-08-14,Appartement à vente - Tétouan,tétouan,M'diq,appartement,vente,2198479.67,71.62,3.0,2.0,4.0,2014.0,30696.448896956153,12.0,Haut Standing,Petit,2023,8,3
ANO000646,2024-02-16,Appartement moderne Marrakech,marrakech,Medina,appartement,vente,1398811.87,91.34,4.0,3.0,1.0,2013.0,15314.340595576967,13.0,Moyen,Moyen,2024,2,1
ANO000116,2024-12-02,Appartement moderne Meknès,meknès,Ville Nouvelle,appartement,vente,577845.99,48.8,2.0,2.0,7.0,1998.0,11841.106352459017,28.0,Moyen,Petit,2024,12,4
ANO001358,2024-05-07,Villa moderne Casablanca,casablanca,Ain Diab,villa,location,7390.54,126.99,4.0,2.0,0.0,1997.0,58.19781085124813,29.0,Economique,Moyen,2024,5,2
ANO000491,2024-02-28,Beau Villa Oujda,oujda,Inconnu,villa,vente,7794947.23,201.22,5.0,3.0,0.0,2008.0,38738.43171652917,18.0,Luxe,Grand,2024,2,1
ANO000188,2024-12-02,Appartement 106m² Ville Nouvelle,fès,Ville Nouvelle,appartement,vente,799048.1,106.78,3.0,2.0,4.0,1995.0,7483.12511706312,31.0,Moyen,Moyen,2024,12,4
ANO000727,2023-03-19,Appartement 85m² Agadir,agadir,Inconnu,appartement,location,11237.77,85.17,3.0,2.0,9.0,2008.0,131.9451684865563,18.0,Economique,Moyen,2023,3,1
ANO000818,2024-12-12,Beau Terrain Tétouan,tétouan,Centre,terrain,vente,550453.34,291.94,0.0,0.0,0.0,2004.0,1885.5016099198465,22.0,Moyen,Grand,2024,12,4
ANO001137,2023-03-20,Villa moderne Agadir,agadir,Talborjt,villa,location,22665.15,413.75,5.0,2.0,0.0,2004.0,54.77981873111783,22.0,Economique,Grand,2023,3,1
ANO001272,2023-10-08,Appartement 53m² Anfa,casablanca,Anfa,appartement,vente,561720.45,53.39,3.0,1.0,1.0,1973.0,10521.079790222888,53.0,Moyen,Petit,2023,10,4
ANO000344,2024-08-05,Terrain moderne Marrakech,marrakech,Gueliz,terrain,vente,493162.23,269.11,0.0,0.0,1.0,1996.0,1832.5674631191705,30.0,Economique,Grand,2024,8,3
ANO001141,2023-03-12,Beau Appartement Kenitra,kenitra,Inconnu,appartement,vente,477117.47,83.07,4.0,3.0,5.0,2008.0,5743.55928734802,18.0,Economique,Moyen,2023,3,1
ANO000845,2023-10-28,Bureau moderne Meknès,meknès,Inconnu,bureau,location,5688.82,83.25,3.0,0.0,7.0,2006.0,68.33417417417417,20.0,Economique,Moyen,2023,10,4
ANO001106,2024-03-18,Bureau 117m² Centre,oujda,Centre,bureau,vente,1366578.42,117.84,3.0,0.0,2.0,2002.0,11596.89765784114,24.0,Moyen,Moyen,2024,3,1
ANO001385,2024-07-31,Villa moderne Casablanca,casablanca,Inconnu,villa,location,8972.22,190.25,5.0,2.0,0.0,2014.0,47.16015768725361,12.0,Economique,Grand,2024,7,3
ANO000725,2024-09-18,Appartement à location - Tanger,tanger,Malabata,appartement,location,2046.47,88.79,1.0,1.0,3.0,2003.0,23.0484288771258,23.0,Economique,Moyen,2024,9,3
ANO000556,2023-01-11,Appartement moderne Tanger,tanger,Centre Ville,appartement,vente,547255.83,60.02,4.0,1.0,3.0,2008.0,9117.891202932355,18.0,Moyen,Petit,2023,1,1
ANO000071,2023-06-14,Terrain à vente - Agadir,agadir,Hay Mohammadi,terrain,vente,971267.15,436.27,0.0,0.0,0.0,2017.0,2226.298278588947,9.0,Moyen,Grand,2023,6,2
ANO000488,2024-08-12,Appartement moderne Casablanca,casablanca,Anfa,appartement,location,1612.34,79.77,2.0,2.0,0.0,1987.0,20.21236053654256,39.0,Economique,Petit,2024,8,3
ANO000037,2023-11-11,Bureau moderne Tétouan,tétouan,Inconnu,bureau,vente,1303020.16,117.02,0.0,0.0,1.0,1994.0,11135.021022047513,32.0,Moyen,Moyen,2023,11,4
ANO001161,2024-07-13,Bureau 15m² Hay Riad,rabat,Hay Riad,bureau,vente,1079127.77,15.87,0.0,0.0,1.0,2008.0,67997.9691241336,18.0,Moyen,Petit,2024,7,3
ANO000110,2023-10-21,Terrain 374m² Casablanca,casablanca,Inconnu,terrain,location,4150.0,374.89,0.0,0.0,0.0,2009.0,11.069913841393475,17.0,Economique,Grand,2023,10,4
ANO001046,2023-04-13,Appartement 108m² M'diq,tétouan,M'diq,appartement,location,2412.64,108.79,2.0,2.0,3.0,2001.0,22.177038330728926,25.0,Economique,Moyen,2023,4,2
ANO000480,2023-06-06,Beau Villa Casablanca,casablanca,Ain Diab,villa,vente,8411018.36,289.28,5.0,2.0,0.0,2008.0,29075.69952986726,18.0,Luxe,Grand,2023,6,2
ANO000589,2024-07-04,Appartement moderne Rabat,rabat,Agdal,appartement,vente,520472.5,63.92,4.0,2.0,4.0,2024.0,8142.561013767208,2.0,Moyen,Petit,2024,7,3
ANO000128,2024-12-21,Beau Duplex Agadir,agadir,Centre,duplex,vente,1440364.41,43.81,2.0,2.0,0.0,2005.0,32877.52590732709,21.0,Moyen,Petit,2024,12,4
ANO000961,2024-02-01,Terrain moderne Agadir,agadir,Hay Mohammadi,terrain,location,514.12,45.52,0.0,1.0,1.0,2005.0,11.294376098418278,21.0,Economique,Petit,2024,2,1
ANO000004,2023-06-17,Beau Villa Oujda,oujda,Inconnu,villa,vente,2471280.02,212.93,5.0,3.0,0.0,2006.0,11606.067815714085,20.0,Haut Standing,Grand,2023,6,2
ANO000173,2024-05-16,Bureau 80m² Medina,fès,Medina,bureau,location,5601.47,80.9,0.0,0.0,1.0,2001.0,69.23943139678616,25.0,Economique,Moyen,2024,5,2
ANO001395,2024-02-24,Appartement à location - Kenitra,kenitra,Centre,appartement,location,1793.75,70.38,3.0,1.0,7.0,2006.0,25.486643932935493,20.0,Economique,Petit,2024,2,1
ANO000930,2024-04-06,Villa 213m² Tétouan,tétouan,Inconnu,villa,location,6207.77,213.51,3.0,2.0,0.0,2008.0,29.07484426958925,18.0,Economique,Grand,2024,4,2
ANO000563,2023-07-10,Appartement moderne Oujda,oujda,Hay Qods,appartement,vente,494245.92,90.03,3.0,1.0,0.0,2012.0,5489.7914028657115,14.0,Economique,Moyen,2023,7,3
ANO000572,2023-09-16,Terrain moderne Meknès,meknès,Ville Nouvelle,terrain,vente,1054226.5,235.76,0.0,1.0,0.0,2009.0,4471.608839497794,17.0,Moyen,Grand,2023,9,3
ANO000937,2024-05-12,Villa à location - Tanger,tanger,Inconnu,villa,location,29492.34,206.04,6.0,4.0,0.0,2009.0,143.1389050669773,17.0,Economique,Grand,2024,5,2
ANO001374,2023-08-25,Appartement 69m² Centre,tétouan,Centre,appartement,location,6336.31,69.81,3.0,1.0,2.0,2008.0,90.76507663658502,18.0,Economique,Petit,2023,8,3
ANO000465,2023-06-03,Appartement 88m² Casablanca,casablanca,Inconnu,appartement,location,3166.43,88.41,1.0,1.0,6.0,1994.0,35.81529238773894,32.0,Economique,Moyen,2023,6,2
ANO001285,2024-04-15,Appartement 57m² Fès,fès,Inconnu,appartement,vente,705527.57,57.32,3.0,2.0,4.0,1994.0,12308.5758897418,32.0,Moyen,Petit,2024,4,2
ANO000529,2023-08-18,Beau Villa Tétouan,tétouan,Inconnu,villa,location,9657.63,305.45,5.0,3.0,0.0,2011.0,31.617711573088883,15.0,Economique,Grand,2023,8,3
ANO001351,2023-12-26,Villa 264m² Hamria,meknès,Hamria,villa,location,7323.89,264.5,4.0,2.0,0.0,2013.0,27.689565217391305,13.0,Economique,Grand,2023,12,4
ANO000440,2024-03-25,Appartement 69m² Targa,marrakech,Targa,appartement,location,7511.64,69.76,1.0,1.0,6.0,2008.0,107.67832568807339,18.0,Economique,Petit,2024,3,1
ANO000154,2024-12-04,Beau Terrain Tanger,tanger,Malabata,terrain,vente,440636.63,535.77,0.0,0.0,1.0,2010.0,822.4361759710324,16.0,Economique,Grand,2024,12,4
ANO000661,2024-01-30,Terrain moderne Meknès,meknès,Hamria,terrain,vente,508502.98,134.45,0.0,0.0,1.0,2004.0,3782.0972852361474,22.0,Moyen,Moyen,2024,1,1
ANO001283,2023-09-04,Duplex 126m² Kenitra,kenitra,Inconnu,duplex,vente,2454517.0,126.85,4.0,2.0,6.0,2008.0,19349.7595585337,18.0,Haut Standing,Moyen,2023,9,3
ANO000751,2024-07-22,Bureau 180m² Kenitra,kenitra,Inconnu,bureau,location,4595.92,180.45,0.0,0.0,8.0,1998.0,25.469215849265726,28.0,Economique,Grand,2024,7,3
ANO001043,2023-02-27,Appartement 117m² Souissi,rabat,Souissi,appartement,vente,320877.27,117.96,4.0,3.0,3.0,2008.0,2720.2210071210584,18.0,Economique,Moyen,2023,2,1
ANO000084,2024-10-28,Beau Villa Tanger,tanger,Inconnu,villa,vente,6607472.57,149.13,4.0,3.0,0.0,2017.0,44306.79655334273,9.0,Luxe,Moyen,2024,10,4
ANO001463,2024-09-17,Duplex moderne Marrakech,marrakech,Inconnu,duplex,location,5552.93,78.37,2.0,2.0,2.0,2011.0,70.85530177363788,15.0,Economique,Petit,2024,9,3
ANO001199,2023-05-22,Beau Appartement Rabat,rabat,Hay Riad,appartement,location,180.0,113.66,2.0,1.0,1.0,1985.0,1.5836705965159248,41.0,Economique,Moyen,2023,5,2
ANO000756,2023-04-28,Beau Appartement Kenitra,kenitra,Hay Essalam,appartement,vente,2477003.0,40.54,2.0,1.0,0.0,2008.0,61100.22200296004,18.0,Haut Standing,Petit,2023,4,2
ANO000089,2024-09-23,Villa moderne Agadir,agadir,Inconnu,villa,vente,5621147.77,150.18,6.0,3.0,1.0,2023.0,37429.40318284724,3.0,Luxe,Grand,2024,9,3
ANO000326,2024-05-31,Appartement 73m² Centre,agadir,Centre,appartement,vente,323255.11,73.69,2.0,1.0,3.0,1990.0,4386.688967295427,36.0,Economique,Petit,2024,5,2
ANO000517,2023-05-13,Appartement à vente - Agadir,agadir,Talborjt,appartement,vente,641929.63,115.67,3.0,1.0,7.0,2009.0,5549.663957811014,17.0,Moyen,Moyen,2023,5,2
ANO001179,2023-03-16,Villa à location - Casablanca,casablanca,Ain Diab,villa,location,36575.06,377.56,5.0,2.0,0.0,2010.0,96.87217925627714,16.0,Economique,Grand,2023,3,1
ANO001370,2023-10-02,Beau Appartement Casablanca,casablanca,Hay Mohammadi,appartement,inconnu,2542633.35,79.99,3.0,1.0,1.0,2003.0,31786.890236279538,23.0,Haut Standing,Petit,2023,10,4
ANO000706,2024-04-26,Beau Appartement Meknès,meknès,Hamria,appartement,location,1953.66,79.29,2.0,1.0,4.0,2002.0,24.63942489595157,24.0,Economique,Petit,2024,4,2
ANO000258,2024-05-23,Appartement 100m² Hay Essalam,kenitra,Hay Essalam,appartement,vente,482503.99,100.81,1.0,1.0,4.0,2008.0,4786.271104057137,18.0,Economique,Moyen,2024,5,2
ANO000767,2023-12-21,Appartement moderne Marrakech,marrakech,Gueliz,inconnu,vente,628054.01,47.42,2.0,1.0,1.0,2018.0,13244.496204133276,8.0,Moyen,Petit,2023,12,4
ANO001175,2024-11-10,Appartement moderne Casablanca,casablanca,Anfa,appartement,inconnu,1613734.08,125.73,4.0,3.0,0.0,1991.0,12834.9167263183,35.0,Haut Standing,Moyen,2024,11,4
ANO000716,2023-06-01,Beau Bureau Kenitra,kenitra,Centre,bureau,vente,1795945.38,55.96,0.0,0.0,8.0,2003.0,32093.377055039313,23.0,Haut Standing,Petit,2023,6,2
ANO001054,2024-03-09,Beau Villa Rabat,rabat,Souissi,villa,location,25879.11,201.48,3.0,1.0,1.0,2006.0,128.4450565812984,20.0,Economique,Grand,2024,3,1
ANO000990,2024-06-30,Appartement 39m² M'diq,tétouan,M'diq,appartement,vente,481557.84,39.48,1.0,1.0,0.0,2012.0,12197.513677811552,14.0,Economique,Petit,2024,6,2
ANO000919,2024-12-16,Villa 213m² Talborjt,agadir,Talborjt,villa,vente,2163026.22,213.87,5.0,3.0,1.0,2011.0,10113.743021461636,15.0,Haut Standing,Grand,2024,12,4
ANO001402,2023-04-06,Bureau 124m² Talborjt,agadir,Talborjt,bureau,location,3248.41,124.42,0.0,0.0,3.0,2004.0,26.10842308310561,22.0,Economique,Moyen,2023,4,2
ANO000559,2023-10-01,Appartement moderne Rabat,rabat,Agdal,appartement,vente,743845.08,76.94,20.0,11.0,1.0,2018.0,9667.859110995581,8.0,Moyen,Petit,2023,10,4
ANO000448,2023-06-19,Beau Villa Oujda,oujda,Hay Qods,villa,vente,6004569.03,12.0,20.0,13.0,1.0,2019.0,500380.7525,7.0,Luxe,Petit,2023,6,2
ANO001401,2023-11-14,Terrain à location - Tétouan,tétouan,Centre,terrain,location,3492.39,169.17,0.0,0.0,0.0,2008.0,20.64426316722823,18.0,Economique,Grand,2023,11,4
ANO000594,2023-06-25,Beau Appartement Marrakech,marrakech,Hivernage,appartement,vente,466909.48,49.84,3.0,2.0,2.0,2009.0,9368.167736757623,17.0,Economique,Petit,2023,6,2
ANO001287,2023-09-08,Beau Villa Meknès,meknès,Ville Nouvelle,villa,vente,4914014.5,234.37,4.0,3.0,0.0,2006.0,20966.909160728763,20.0,Luxe,Grand,2023,9,3
ANO000021,2024-03-06,Villa moderne Meknès,meknès,Hamria,villa,vente,60000000.0,235.15,5.0,3.0,0.0,2001.0,255156.28322347437,25.0,Luxe,Grand,2024,3,1
ANO001490,2023-03-03,Appartement 87m² Ville Nouvelle,meknès,Ville Nouvelle,appartement,vente,600121.69,87.69,3.0,1.0,5.0,2013.0,6843.673052799634,13.0,Moyen,Moyen,2023,3,1
ANO000408,2024-05-08,Beau Bureau Casablanca,casablanca,Inconnu,bureau,location,5295.71,145.35,0.0,0.0,2.0,2006.0,36.43419332645339,20.0,Economique,Moyen,2024,5,2
ANO000481,2023-03-26,Bureau 166m² Marrakech,marrakech,Inconnu,bureau,vente,1465152.51,166.94,0.0,0.0,4.0,2008.0,8776.521564634,18.0,Moyen,Grand,2023,3,1
ANO001094,2024-02-13,Appartement moderne Tanger,tanger,Malabata,appartement,vente,616486.93,63.46,3.0,1.0,1.0,2010.0,9714.575007878979,16.0,Moyen,Petit,2024,2,1
ANO000583,2023-06-13,Appartement à vente - Tanger,tanger,Malabata,appartement,vente,667023.72,97.53,3.0,2.0,7.0,2008.0,6839.164564749308,18.0,Moyen,Moyen,2023,6,2
ANO000587,2023-06-24,Villa à vente - Fès,fès,Zouagha,villa,vente,8418417.39,355.19,4.0,3.0,0.0,2024.0,23701.16667135899,2.0,Luxe,Grand,2023,6,2
ANO000554,2023-05-21,Beau Villa Kenitra,kenitra,Hay Essalam,villa,vente,2769939.28,355.37,4.0,3.0,0.0,2009.0,7794.521991164138,17.0,Haut Standing,Grand,2023,5,2
ANO001316,2024-03-14,Beau Terrain Oujda,oujda,Centre,terrain,vente,1074042.12,364.52,0.0,0.0,0.0,2013.0,2946.455942060793,13.0,Moyen,Grand,2024,3,1
ANO000980,2024-03-16,Appartement à vente - Rabat,rabat,Hay Riad,appartement,vente,522454.16,44.01,2.0,1.0,1.0,1994.0,11871.260168143604,32.0,Moyen,Petit,2024,3,1
ANO000752,2023-01-21,Terrain 149m² Tanger,tanger,Inconnu,terrain,vente,796373.32,149.71,0.0,0.0,0.0,2012.0,5319.439716785785,14.0,Moyen,Moyen,2023,1,1
ANO000780,2023-11-26,Bureau à vente - Casablanca,casablanca,Bourgogne,bureau,vente,1219909.47,120.28,3.0,0.0,2.0,1990.0,10142.247006983704,36.0,Moyen,Moyen,2023,11,4
ANO000042,2023-11-02,Appartement 99m² Tétouan,tétouan,Inconnu,appartement,vente,381777.87,99.67,3.0,2.0,5.0,2024.0,3830.4190829738136,2.0,Economique,Moyen,2023,11,4
ANO000500,2023-02-12,Beau Terrain Tétouan,tétouan,M'diq,terrain,vente,1162509.87,422.89,0.0,0.0,0.0,2014.0,2748.965144600251,12.0,Moyen,Grand,2023,2,1
ANO000062,2023-10-24,Appartement à location - Rabat,rabat,Hay Riad,appartement,location,2431.59,79.41,2.0,2.0,3.0,2008.0,30.62070268228183,18.0,Economique,Petit,2023,10,4
ANO001462,2023-07-05,Beau Villa Meknès,meknès,Ville Nouvelle,villa,vente,6296875.0,201.4,4.0,3.0,0.0,2008.0,31265.51638530288,18.0,Luxe,Grand,2023,7,3
ANO000087,2024-07-03,Appartement à vente - Casablanca,casablanca,Inconnu,appartement,vente,603258.33,104.37,1.0,1.0,3.0,1986.0,5779.997413049727,40.0,Moyen,Moyen,2024,7,3
ANO001321,2024-09-05,Beau Appartement Marrakech,marrakech,Medina,appartement,location,6829.39,132.26,3.0,1.0,5.0,2010.0,51.636095569333136,16.0,Economique,Moyen,2024,9,3
ANO001461,2024-04-02,Appartement moderne Agadir,agadir,Centre,appartement,vente,568855.35,89.4,3.0,2.0,0.0,2004.0,6363.035234899328,22.0,Moyen,Moyen,2024,4,2
ANO001306,2023-10-01,Villa 243m² Hay Essalam,kenitra,Hay Essalam,villa,vente,2154077.62,243.01,5.0,3.0,0.0,2008.0,8864.152174807621,18.0,Haut Standing,Grand,2023,10,4
ANO001017,2023-06-09,Villa à vente - Fès,fès,Ville Nouvelle,villa,vente,2412744.97,345.78,4.0,3.0,0.0,2008.0,6977.688038637285,18.0,Haut Standing,Grand,2023,6,2
ANO000528,2024-04-26,Appartement moderne Agadir,agadir,Hay Mohammadi,appartement,vente,687836.48,59.6,2.0,2.0,1.0,2008.0,11540.880536912751,18.0,Moyen,Petit,2024,4,2
ANO000200,2023-10-25,Appartement 73m² Marrakech,marrakech,Inconnu,appartement,vente,432548.35,73.89,4.0,2.0,2.0,2008.0,5853.949790228718,18.0,Economique,Petit,2023,10,4
ANO001171,2024-01-13,Appartement moderne Oujda,oujda,Hay Qods,appartement,vente,696498.56,63.08,3.0,1.0,3.0,2023.0,11041.511731135068,3.0,Moyen,Petit,2024,1,1
ANO000161,2023-10-20,Beau Appartement Kenitra,kenitra,Hay Essalam,appartement,vente,534649.89,61.11,2.0,2.0,0.0,1997.0,8748.975454099165,29.0,Moyen,Petit,2023,10,4
ANO000682,2024-08-12,Villa moderne Casablanca,casablanca,Bourgogne,villa,vente,6228532.31,184.21,5.0,3.0,0.0,2016.0,33812.12914608327,10.0,Luxe,Grand,2024,8,3
ANO000512,2023-04-28,Appartement 73m² Ain Diab,casablanca,Ain Diab,appartement,vente,532287.69,73.35,1.0,1.0,9.0,1976.0,7256.819222903885,50.0,Moyen,Petit,2023,4,2
ANO000039,2023-04-18,Appartement à location - Marrakech,marrakech,Targa,appartement,location,7692.22,92.54,2.0,2.0,5.0,2009.0,83.12318997190404,17.0,Economique,Moyen,2023,4,2
ANO001037,2023-03-04,Villa 100m² Marrakech,marrakech,Inconnu,villa,location,9701.21,100.41,5.0,3.0,1.0,2000.0,96.61597450453142,26.0,Economique,Moyen,2023,3,1
ANO000197,2024-01-01,Beau Appartement Marrakech,marrakech,Hivernage,appartement,vente,2332134.33,63.6,3.0,1.0,3.0,2010.0,36668.778773584905,16.0,Haut Standing,Petit,2024,1,1
ANO000121,2023-10-30,Appartement moderne Meknès,meknès,Hamria,appartement,location,2449.29,123.32,2.0,2.0,0.0,2009.0,19.861255270840093,17.0,Economique,Moyen,2023,10,4
ANO000132,2024-03-15,Appartement moderne Rabat,rabat,Agdal,appartement,vente,769775.05,114.49,1.0,1.0,1.0,1992.0,6723.513407284479,34.0,Moyen,Moyen,2024,3,1
ANO000463,2023-10-04,Terrain 487m² Ocean,rabat,Ocean,terrain,vente,1190522.39,487.38,0.0,0.0,1.0,2000.0,2442.6984898846895,26.0,Moyen,Grand,2023,10,4
ANO001398,2023-10-23,Appartement à vente - Rabat,rabat,Inconnu,appartement,vente,581626.1,117.1,2.0,2.0,1.0,1963.0,4966.918018787362,63.0,Moyen,Moyen,2023,10,4
ANO000113,2024-02-03,Appartement moderne Kenitra,kenitra,Inconnu,appartement,location,6679.2,76.97,1.0,1.0,1.0,2013.0,86.77666623359751,13.0,Economique,Petit,2024,2,1
ANO000097,2023-09-25,Beau Duplex Meknès,meknès,Ville Nouvelle,duplex,vente,1968595.12,2500.0,3.0,1.0,7.0,2008.0,787.4380480000001,18.0,Haut Standing,Grand,2023,9,3
ANO000309,1900-01-01,Appartement 46m² Centre,oujda,Centre,appartement,vente,693405.6,46.92,3.0,1.0,2.0,2005.0,14778.46547314578,21.0,Moyen,Petit,1900,1,1
ANO000312,2024-01-17,Appartement à vente - Oujda,oujda,Centre,appartement,inconnu,286143.29,96.0,3.0,1.0,1.0,2005.0,2980.6592708333333,21.0,Economique,Moyen,2024,1,1
ANO000286,2024-02-04,Appartement à location - Rabat,rabat,Hay Riad,appartement,location,1926.04,64.19,1.0,1.0,2.0,2008.0,30.00529677519863,18.0,Economique,Petit,2024,2,1
ANO001318,2024-10-16,Appartement à vente - Marrakech,marrakech,Medina,appartement,vente,1666287.28,139.6,3.0,1.0,1.0,2014.0,11936.1553008596,12.0,Haut Standing,Moyen,2024,10,4
ANO000470,2023-03-08,Appartement à location - Fès,fès,Inconnu,appartement,location,2920.64,76.93,4.0,2.0,1.0,1996.0,37.964903158715714,30.0,Economique,Petit,2023,3,1
ANO001229,2024-02-10,Appartement 63m² Fès,fès,Inconnu,appartement,vente,2241237.87,63.74,3.0,1.0,0.0,2024.0,35162.1881079385,2.0,Haut Standing,Petit,2024,2,1
ANO001347,2024-01-27,Appartement moderne Casablanca,casablanca,Inconnu,appartement,location,7964.32,67.78,2.0,2.0,1.0,2003.0,117.50250811448804,23.0,Economique,Petit,2024,1,1
ANO000636,2023-01-25,Villa 124m² Hay Qods,oujda,Hay Qods,villa,vente,6671575.39,124.33,5.0,2.0,0.0,2000.0,53660.221909434564,26.0,Luxe,Moyen,2023,1,1
ANO000120,2023-06-20,Villa moderne Tétouan,tétouan,Inconnu,villa,location,8222.68,275.82,3.0,1.0,0.0,2003.0,29.811761293597275,23.0,Economique,Grand,2023,6,2
ANO000248,2023-05-29,Appartement moderne Tétouan,tétouan,M'diq,appartement,vente,1488169.21,69.38,1.0,1.0,6.0,2010.0,21449.541798789276,16.0,Moyen,Petit,2023,5,2
ANO000635,2024-06-16,Beau Bureau Rabat,rabat,Hay Riad,bureau,vente,1669249.86,134.79,0.0,0.0,3.0,2008.0,12384.07789895393,18.0,Haut Standing,Moyen,2024,6,2
ANO001070,2024-10-18,Appartement 107m² Talborjt,agadir,Talborjt,appartement,vente,649623.02,107.51,3.0,1.0,6.0,2008.0,6042.442749511673,18.0,Moyen,Moyen,2024,10,4
ANO001335,2024-11-16,Appartement à vente - Meknès,meknès,Inconnu,appartement,vente,552162.02,96.82,3.0,2.0,1.0,1999.0,5702.974798595332,27.0,Moyen,Moyen,2024,11,4
ANO000588,2023-05-03,Beau Villa Tanger,tanger,Inconnu,villa,vente,2571063.75,256.03,5.0,1.0,0.0,1997.0,10042.040971761122,29.0,Haut Standing,Grand,2023,5,2
ANO000658,2023-07-22,Villa moderne Agadir,agadir,Hay Mohammadi,villa,location,2919.22,302.47,6.0,4.0,0.0,2011.0,9.65127120044963,15.0,Economique,Grand,2023,7,3
ANO001311,2023-09-09,Villa 372m² Kenitra,kenitra,Inconnu,villa,vente,2535765.59,372.24,5.0,3.0,0.0,2017.0,6812.1792123361265,9.0,Haut Standing,Grand,2023,9,3
ANO000553,2024-08-29,Bureau à vente - Tétouan,tétouan,Inconnu,bureau,vente,1267384.39,172.7,0.0,1.0,1.0,2001.0,7338.6473074696005,25.0,Moyen,Grand,2024,8,3
ANO001029,2023-01-11,Villa moderne Oujda,oujda,Hay Qods,villa,vente,5721231.37,274.8,6.0,4.0,0.0,2009.0,20819.6192503639,17.0,Luxe,Grand,2023,1,1
ANO000564,2023-01-23,Villa moderne Oujda,oujda,Hay Qods,villa,vente,5611642.54,296.94,5.0,3.0,0.0,2006.0,18898.237152286656,20.0,Luxe,Grand,2023,1,1
ANO000773,2024-08-09,Beau Appartement Meknès,meknès,Inconnu,appartement,vente,650672.86,69.57,3.0,2.0,1.0,2005.0,9352.779358919075,21.0,Moyen,Petit,2024,8,3
ANO000764,2024-12-29,Villa moderne Tétouan,tétouan,M'diq,villa,location,11644.74,389.11,4.0,2.0,0.0,2017.0,29.926601732158,9.0,Economique,Grand,2024,12,4
ANO000031,2023-01-30,Appartement moderne Oujda,oujda,Centre,appartement,vente,561649.31,109.22,3.0,1.0,0.0,2008.0,5142.366874198865,18.0,Moyen,Moyen,2023,1,1
ANO000695,2023-05-21,Appartement 27m² Oujda,oujda,Inconnu,appartement,vente,376737.42,27.6,2.0,2.0,3.0,2005.0,13649.906521739129,21.0,Economique,Petit,2023,5,2
ANO000879,2024-04-19,Villa moderne Tétouan,tétouan,M'diq,villa,vente,3049978.69,335.72,5.0,2.0,0.0,2011.0,9084.888269986894,15.0,Luxe,Grand,2024,4,2
ANO000627,2023-04-18,Villa moderne Tétouan,tétouan,M'diq,villa,vente,1358280.9,185.53,3.0,3.0,0.0,2017.0,7321.084999730501,9.0,Moyen,Grand,2023,4,2
ANO000423,2023-08-19,Bureau à location - Casablanca,casablanca,Bourgogne,bureau,location,4622.04,83.84,0.0,0.0,2.0,1988.0,55.12929389312977,38.0,Economique,Moyen,2023,8,3
ANO000307,2024-07-28,Villa 265m² Souissi,rabat,Souissi,villa,vente,1976783.19,265.53,5.0,3.0,0.0,2016.0,7444.669867811547,10.0,Haut Standing,Grand,2024,7,3
ANO000055,2024-02-16,Villa moderne Meknès,meknès,Ville Nouvelle,villa,vente,7737893.37,184.35,3.0,2.0,0.0,2017.0,41973.926606997564,9.0,Luxe,Grand,2024,2,1
ANO001439,2023-04-27,Appartement à vente - Oujda,oujda,Centre,appartement,vente,1836276.61,110.15,3.0,1.0,4.0,2000.0,16670.690966863367,26.0,Haut Standing,Moyen,2023,4,2
ANO001356,2023-02-03,Appartement à location - Meknès,meknès,Ville Nouvelle,appartement,location,1896.22,89.73,4.0,2.0,1.0,2012.0,21.132508637022177,14.0,Economique,Moyen,2023,2,1
ANO001172,2023-03-19,Beau Appartement Tanger,tanger,Centre Ville,appartement,vente,340283.62,95.87,1.0,1.0,1.0,2013.0,3549.4275581516636,13.0,Economique,Moyen,2023,3,1
ANO000044,2023-03-24,Duplex 72m² Fès,fès,Inconnu,duplex,vente,1497914.61,72.47,3.0,1.0,4.0,2001.0,20669.444045812063,25.0,Moyen,Petit,2023,3,1
ANO001303,2024-02-21,Appartement à vente - Tétouan,tétouan,Inconnu,appartement,vente,709051.85,49.83,4.0,2.0,1.0,2014.0,14229.417017860727,12.0,Moyen,Petit,2024,2,1
ANO001195,2024-07-02,Terrain 153m² Hay Mohammadi,agadir,Hay Mohammadi,terrain,vente,1376110.25,153.25,0.0,0.0,1.0,2010.0,8979.512234910277,16.0,Moyen,Grand,2024,7,3
ANO000744,2024-08-03,Appartement à vente - Rabat,rabat,Hay Riad,inconnu,vente,2403005.48,67.88,2.0,1.0,3.0,2011.0,35400.78786093106,15.0,Haut Standing,Petit,2024,8,3
ANO000502,2024-07-28,Appartement moderne Marrakech,marrakech,Medina,appartement,location,2198.38,80.75,1.0,1.0,5.0,2006.0,27.22452012383901,20.0,Economique,Moyen,2024,7,3
ANO000784,1900-01-01,Beau Bureau Tanger,tanger,Malabata,bureau,vente,1043194.94,162.4,3.0,0.0,2.0,2014.0,6423.6141625615755,12.0,Moyen,Grand,1900,1,1
ANO000733,2023-04-30,Beau Duplex Tétouan,tétouan,Inconnu,duplex,location,8222.13,150.96,2.0,2.0,3.0,2004.0,54.4656200317965,22.0,Economique,Grand,2023,4,2
ANO000451,2024-03-28,Villa à location - Tanger,tanger,Centre Ville,villa,location,16979.32,105.84,5.0,3.0,0.0,2014.0,160.42441421012848,12.0,Economique,Moyen,2024,3,1
ANO000541,2024-05-10,Appartement moderne Oujda,oujda,Inconnu,appartement,vente,563592.45,49.04,1.0,1.0,3.0,2017.0,11492.50509787928,9.0,Moyen,Petit,2024,5,2
ANO000267,2024-04-21,Appartement à location - Oujda,oujda,Centre,appartement,location,2213.59,85.74,4.0,3.0,2.0,2017.0,25.8174714252391,9.0,Economique,Moyen,2024,4,2
ANO001142,2024-10-04,Appartement à vente - Oujda,oujda,Inconnu,appartement,vente,45000.0,40.6,1.0,1.0,3.0,2018.0,1108.3743842364531,8.0,Economique,Petit,2024,10,4
ANO000294,2023-07-02,Villa à vente - Meknès,meknès,Ville Nouvelle,villa,vente,7782589.91,452.15,5.0,2.0,0.0,2005.0,17212.40718788013,21.0,Luxe,Grand,2023,7,3
ANO000227,2024-05-18,Appartement à vente - Tanger,tanger,Centre Ville,appartement,vente,662281.41,116.79,3.0,1.0,0.0,2015.0,5670.703056768559,11.0,Moyen,Moyen,2024,5,2
ANO001159,2024-12-17,Villa 147m² Meknès,meknès,Inconnu,villa,vente,1841491.93,147.23,5.0,3.0,0.0,2017.0,12507.586293554303,9.0,Haut Standing,Moyen,2024,12,4
ANO001215,2023-10-16,Beau Villa Marrakech,marrakech,Targa,villa,inconnu,4515063.31,247.2,3.0,1.0,0.0,2003.0,18264.819215210355,23.0,Luxe,Grand,2023,10,4
ANO001346,2024-05-08,Beau Appartement Tétouan,tétouan,Centre,appartement,location,2659.22,97.92,1.0,1.0,0.0,2008.0,27.15706699346405,18.0,Economique,Moyen,2024,5,2
ANO001457,2024-09-22,Appartement à vente - Meknès,meknès,Hamria,appartement,vente,469301.73,90.58,3.0,1.0,1.0,1996.0,5181.074519761537,30.0,Economique,Moyen,2024,9,3
ANO000660,2023-11-23,Appartement moderne Oujda,oujda,Hay Qods,appartement,vente,663703.18,65.68,2.0,2.0,2.0,2013.0,10105.103227771011,13.0,Moyen,Petit,2023,11,4
ANO001214,2024-05-01,Villa 210m² Rabat,rabat,Inconnu,villa,inconnu,2428902.8,210.25,3.0,2.0,0.0,1997.0,11552.45089179548,29.0,Haut Standing,Grand,2024,5,2
ANO000277,2023-09-21,Bureau moderne Casablanca,casablanca,Bourgogne,bureau,location,4127.7,108.73,0.0,0.0,3.0,1979.0,37.962843741377725,47.0,Economique,Moyen,2023,9,3
ANO000452,2023-10-16,Terrain moderne Casablanca,casablanca,Bourgogne,terrain,vente,1027746.55,230.82,0.0,0.0,0.0,1961.0,4452.588813794299,65.0,Moyen,Grand,2023,10,4
ANO000233,2024-01-08,Beau Appartement Tétouan,tétouan,Inconnu,appartement,location,8521.81,53.72,3.0,2.0,1.0,2017.0,158.6338421444527,9.0,Economique,Petit,2024,1,1
ANO000471,2023-08-05,Beau Appartement Casablanca,casablanca,Inconnu,appartement,vente,709383.3,98.91,2.0,2.0,2.0,2006.0,7172.007885956931,20.0,Moyen,Moyen,2023,8,3
ANO000387,2024-03-20,Beau Appartement Rabat,rabat,Hassan,appartement,vente,667811.86,76.88,2.0,1.0,5.0,1962.0,8686.418574401665,64.0,Moyen,Petit,2024,3,1
ANO000176,2023-08-29,Terrain à vente - Casablanca,casablanca,Ain Diab,terrain,vente,258535.37,104.69,0.0,0.0,1.0,2000.0,2469.5326201165344,26.0,Economique,Moyen,2023,8,3
ANO000632,2024-08-04,Duplex 145m² Centre,tétouan,Centre,duplex,vente,1734234.12,145.58,2.0,1.0,5.0,2008.0,11912.584970462975,18.0,Haut Standing,Moyen,2024,8,3
ANO000241,2024-02-13,Terrain 94m² Agadir,agadir,Inconnu,terrain,vente,892340.53,94.78,0.0,0.0,0.0,1999.0,9414.86104663431,27.0,Moyen,Moyen,2024,2,1
ANO000388,2024-05-15,Beau Terrain Tanger,tanger,Inconnu,terrain,vente,1487282.77,133.25,0.0,0.0,0.0,1996.0,11161.596772983115,30.0,Moyen,Moyen,2024,5,2
ANO000722,2024-11-18,Beau Bureau Kenitra,kenitra,Hay Essalam,bureau,vente,1656059.62,183.22,0.0,0.0,3.0,2001.0,9038.639995633665,25.0,Haut Standing,Grand,2024,11,4
ANO000100,1900-01-01,Villa moderne Meknès,meknès,Hamria,villa,vente,2353649.76,315.03,6.0,3.0,0.0,2015.0,7471.192457861156,11.0,Haut Standing,Grand,1900,1,1
ANO000693,2023-08-19,Bureau moderne Marrakech,marrakech,Inconnu,bureau,vente,1446308.46,168.16,3.0,0.0,4.0,2008.0,8600.787702188392,18.0,Moyen,Grand,2023,8,3
ANO000806,2023-09-24,Appartement 98m² Zouagha,fès,Zouagha,appartement,vente,2108598.12,98.79,3.0,2.0,1.0,2005.0,21344.246583662312,21.0,Haut Standing,Moyen,2023,9,3
ANO000285,2024-12-06,Appartement moderne Oujda,oujda,Hay Qods,appartement,vente,473513.54,114.73,2.0,2.0,0.0,2021.0,4127.198988930532,5.0,Economique,Moyen,2024,12,4
ANO000467,2024-05-25,Bureau moderne Rabat,rabat,Hassan,bureau,vente,1680165.56,93.72,0.0,0.0,1.0,1984.0,17927.502774221084,42.0,Haut Standing,Moyen,2024,5,2
ANO000833,2023-09-23,Appartement à vente - Kenitra,kenitra,Hay Essalam,appartement,vente,1888414.83,78.01,1.0,1.0,4.0,2016.0,24207.343032944493,10.0,Haut Standing,Petit,2023,9,3
ANO000513,2023-07-16,Duplex 123m² Rabat,rabat,Inconnu,duplex,vente,2108160.06,123.36,2.0,1.0,5.0,1982.0,17089.49464980545,44.0,Haut Standing,Moyen,2023,7,3
ANO001282,2023-02-16,Beau Bureau Marrakech,marrakech,Medina,bureau,location,2605.21,184.35,0.0,0.0,2.0,2016.0,14.131868727963115,10.0,Economique,Grand,2023,2,1
ANO000882,2023-03-02,Appartement 57m² Rabat,rabat,Inconnu,appartement,vente,1739164.44,57.76,2.0,1.0,4.0,1988.0,30110.187673130193,38.0,Haut Standing,Petit,2023,3,1
ANO000479,2024-10-13,Beau Appartement Meknès,meknès,Hamria,appartement,vente,529945.39,92.06,1.0,1.0,1.0,2008.0,5756.521724961981,18.0,Moyen,Moyen,2024,10,4
ANO001363,2023-10-02,Appartement à vente - Kenitra,kenitra,Inconnu,appartement,vente,653150.18,87.0,3.0,2.0,3.0,2019.0,7507.473333333334,7.0,Moyen,Moyen,2023,10,4
ANO000501,2024-09-30,Appartement moderne Kenitra,kenitra,Hay Essalam,appartement,vente,643403.33,71.22,3.0,2.0,1.0,2003.0,9034.02597584948,23.0,Moyen,Petit,2024,9,3
ANO001343,2024-02-05,Beau Appartement Oujda,oujda,Hay Qods,appartement,inconnu,456261.23,78.5,3.0,1.0,4.0,2022.0,5812.244968152866,4.0,Economique,Petit,2024,2,1
ANO000129,2024-11-23,Beau Villa Meknès,meknès,Inconnu,villa,vente,1820433.67,262.03,5.0,3.0,1.0,2012.0,6947.424607869329,14.0,Haut Standing,Grand,2024,11,4
ANO001014,2024-07-03,Beau Appartement Casablanca,casablanca,Inconnu,appartement,location,2100.83,100.26,3.0,1.0,1.0,2002.0,20.953820067823656,24.0,Economique,Moyen,2024,7,3
ANO000184,2024-03-19,Terrain à location - Tétouan,tétouan,Inconnu,terrain,location,2475.22,310.39,0.0,0.0,0.0,2008.0,7.974548149102741,18.0,Economique,Grand,2024,3,1
ANO000586,2023-11-09,Beau Appartement Oujda,oujda,Inconnu,inconnu,location,2859.36,81.56,2.0,1.0,5.0,2017.0,35.05836194212849,9.0,Economique,Moyen,2023,11,4
ANO000620,2023-09-02,Terrain moderne Fès,fès,Inconnu,terrain,location,2899.94,334.64,0.0,0.0,0.0,2003.0,8.66584986851542,23.0,Economique,Grand,2023,9,3
ANO000968,2023-05-02,Appartement 70m² Fès,fès,Inconnu,appartement,vente,1830305.47,70.75,2.0,1.0,0.0,2004.0,25870.041978798585,22.0,Haut Standing,Petit,2023,5,2
ANO000260,2024-10-04,Beau Bureau Oujda,oujda,Inconnu,bureau,vente,1100992.55,117.02,3.0,0.0,8.0,2014.0,9408.584430011964,12.0,Moyen,Moyen,2024,10,4
ANO000051,2023-04-10,Appartement moderne Tanger,tanger,Centre Ville,appartement,vente,2100197.14,93.66,2.0,2.0,3.0,2004.0,22423.629510997227,22.0,Haut Standing,Moyen,2023,4,2
ANO001184,2024-06-28,Beau Villa Agadir,agadir,Hay Mohammadi,villa,location,8728.35,8.0,4.0,2.0,0.0,1997.0,1091.04375,29.0,Economique,Petit,2024,6,2
ANO000028,2023-07-24,Appartement 121m² Californie,casablanca,Californie,appartement,vente,592853.51,121.95,3.0,1.0,4.0,1992.0,4861.447396473965,34.0,Moyen,Moyen,2023,7,3
ANO000506,2023-02-24,Appartement 122m² Tanger,tanger,Inconnu,inconnu,location,2141.56,122.84,3.0,2.0,3.0,2015.0,17.433734939759034,11.0,Economique,Moyen,2023,2,1
ANO000068,2024-06-23,Villa 336m² Souissi,rabat,Souissi,villa,vente,2480392.26,336.64,5.0,2.0,0.0,2008.0,7368.085373098859,18.0,Haut Standing,Grand,2024,6,2
ANO000232,2024-08-03,Beau Villa Marrakech,marrakech,Medina,villa,vente,6923903.41,297.45,3.0,2.0,0.0,2007.0,23277.537098672048,19.0,Luxe,Grand,2024,8,3
ANO000300,2024-05-28,Villa 346m² Hay Essalam,kenitra,Hay Essalam,villa,vente,2273356.84,346.52,5.0,2.0,0.0,2008.0,6560.535726653584,18.0,Haut Standing,Grand,2024,5,2
ANO000750,2024-10-04,Appartement 2500m² Agadir,agadir,Inconnu,appartement,vente,1467874.55,2500.0,1.0,1.0,0.0,2017.0,587.14982,9.0,Moyen,Grand,2024,10,4
ANO000067,2023-06-03,Beau Bureau Fès,fès,Medina,bureau,vente,1223283.49,74.28,0.0,0.0,1.0,2005.0,16468.544561120085,21.0,Moyen,Petit,2023,6,2
ANO000171,2023-01-05,Villa moderne Oujda,oujda,Centre,villa,vente,6405685.24,245.98,4.0,1.0,0.0,2008.0,26041.48808846248,18.0,Luxe,Grand,2023,1,1
ANO001236,2023-01-25,Beau Appartement Agadir,agadir,Talborjt,appartement,location,2347.65,71.89,2.0,1.0,2.0,2020.0,32.656141327027406,6.0,Economique,Petit,2023,1,1
ANO000052,2024-01-07,Villa à location - Rabat,rabat,Hay Riad,villa,location,9264.51,273.45,3.0,2.0,0.0,1989.0,33.88008776741635,37.0,Economique,Grand,2024,1,1
ANO001143,2024-05-06,Villa 360m² Hamria,meknès,Hamria,villa,vente,2326284.42,360.76,4.0,2.0,0.0,2013.0,6448.2881139815945,13.0,Haut Standing,Grand,2024,5,2
ANO000897,2023-12-18,Villa moderne Kenitra,kenitra,Hay Essalam,villa,vente,2578394.34,299.0,3.0,1.0,0.0,2001.0,8623.392441471571,25.0,Haut Standing,Grand,2023,12,4
ANO001433,2024-10-31,Appartement 88m² Centre,agadir,Centre,appartement,location,1693.56,88.16,1.0,1.0,2.0,2002.0,19.210072595281307,24.0,Economique,Moyen,2024,10,4
ANO000557,2024-04-27,Appartement 98m² M'diq,tétouan,M'diq,appartement,location,2603.5,98.67,2.0,1.0,4.0,2008.0,26.38593290767204,18.0,Economique,Moyen,2024,4,2
ANO000311,2023-02-19,Beau Villa Agadir,agadir,Talborjt,villa,location,7689.6,400.49,4.0,3.0,1.0,1998.0,19.20047941271942,28.0,Economique,Grand,2023,2,1
ANO000090,2024-06-20,Appartement 73m² M'diq,tétouan,M'diq,appartement,vente,378383.03,74.0,1.0,1.0,1.0,2011.0,5113.284189189189,15.0,Economique,Petit,2024,6,2
ANO000657,2023-04-04,Appartement 113m² Hassan,rabat,Hassan,appartement,location,2106.44,113.34,3.0,2.0,3.0,2008.0,18.58514205046762,18.0,Economique,Moyen,2023,4,2
ANO000853,2023-09-06,Appartement à vente - Agadir,agadir,Hay Mohammadi,appartement,vente,945700.9,85.08,2.0,2.0,1.0,2008.0,11115.431358721204,18.0,Moyen,Moyen,2023,9,3
ANO000183,2024-09-17,Appartement moderne Tanger,tanger,Inconnu,appartement,location,2476.99,79.92,1.0,1.0,4.0,2012.0,30.993368368368365,14.0,Economique,Petit,2024,9,3
ANO000216,2023-07-07,Terrain à vente - Kenitra,kenitra,Centre,terrain,vente,718182.93,15.0,0.0,0.0,0.0,2009.0,47878.862,17.0,Moyen,Petit,2023,7,3
ANO000164,1900-01-01,Beau Villa Casablanca,casablanca,Non spécifié,villa,vente,7322459.64,249.36,3.0,1.0,0.0,2022.0,29365.01299326275,4.0,Luxe,Grand,1900,1,1
ANO000059,2023-12-26,Villa moderne Casablanca,casablanca,Bourgogne,villa,vente,2338345.4,316.17,5.0,3.0,1.0,2008.0,7395.8484359679915,18.0,Haut Standing,Grand,2023,12,4
ANO000235,2024-01-13,Villa moderne Casablanca,casablanca,Anfa,villa,location,19773.94,137.32,4.0,2.0,0.0,1976.0,143.99898048354208,50.0,Economique,Moyen,2024,1,1
ANO000877,2024-12-04,Appartement à vente - Marrakech,marrakech,Gueliz,appartement,vente,1822782.39,73.01,2.0,1.0,10.0,2012.0,24966.20175318449,14.0,Haut Standing,Petit,2024,12,4
ANO001258,2024-02-01,Beau Bureau Tétouan,tétouan,M'diq,bureau,vente,1000971.66,88.72,0.0,0.0,0.0,2003.0,11282.367673579802,23.0,Moyen,Moyen,2024,2,1
ANO000607,2023-04-23,Appartement 60m² Medina,marrakech,Medina,appartement,vente,1915547.9,60.32,1.0,1.0,0.0,2008.0,31756.43070291777,18.0,Haut Standing,Petit,2023,4,2
ANO000817,2023-12-01,Appartement à vente - Marrakech,marrakech,Medina,appartement,inconnu,1686493.73,67.74,4.0,3.0,5.0,2002.0,24896.571154413938,24.0,Haut Standing,Petit,2023,12,4
ANO000741,2024-06-15,Bureau moderne Agadir,agadir,Hay Mohammadi,bureau,vente,1056663.94,94.1,3.0,0.0,1.0,2015.0,11229.159829968119,11.0,Moyen,Moyen,2024,6,2
ANO000134,2024-01-29,Beau Terrain Fès,fès,Zouagha,terrain,vente,1171344.89,108.67,0.0,0.0,0.0,1991.0,10778.916812367717,35.0,Moyen,Moyen,2024,1,1
ANO000474,2023-07-12,Villa à vente - Meknès,meknès,Hamria,villa,vente,2453917.88,293.06,6.0,4.0,0.0,2018.0,8373.431652221389,8.0,Haut Standing,Grand,2023,7,3
ANO001036,2023-07-09,Appartement 52m² Hamria,meknès,Hamria,inconnu,vente,593370.08,52.67,2.0,2.0,2.0,2014.0,11265.807480539204,12.0,Moyen,Petit,2023,7,3
ANO001288,2023-12-29,Terrain moderne Tanger,tanger,Inconnu,terrain,location,2252.79,299.15,3.0,0.0,1.0,2008.0,7.530636804278791,18.0,Economique,Grand,2023,12,4
ANO001499,2024-10-29,Appartement 126m² Centre,oujda,Centre,appartement,vente,652804.3,126.93,4.0,3.0,0.0,2008.0,5143.026077365477,18.0,Moyen,Moyen,2024,10,4
ANO000791,2024-12-12,Bureau à vente - Oujda,oujda,Centre,bureau,vente,1137640.73,98.07,3.0,0.0,2.0,2011.0,11600.29295401244,15.0,Moyen,Moyen,2024,12,4
ANO000970,2023-12-01,Beau Appartement Tanger,tanger,Centre Ville,appartement,location,1657.57,73.75,1.0,1.0,0.0,2020.0,22.47552542372881,6.0,Economique,Petit,2023,12,4
ANO000494,2024-07-17,Appartement 103m² Hassan,rabat,Hassan,appartement,vente,497505.0,103.06,1.0,1.0,0.0,1994.0,4827.333592082282,32.0,Economique,Moyen,2024,7,3
ANO001187,2024-04-20,Bureau moderne Kenitra,kenitra,Centre,bureau,vente,1154748.78,68.03,0.0,0.0,3.0,2011.0,16974.111127443775,15.0,Moyen,Petit,2024,4,2
ANO000688,2023-06-30,Appartement 94m² Hamria,meknès,Hamria,appartement,vente,1945051.28,94.76,3.0,1.0,0.0,2008.0,20526.079358379062,18.0,Haut Standing,Moyen,2023,6,2
ANO000391,1900-01-01,Beau Appartement Rabat,rabat,Ocean,appartement,vente,641071.43,92.03,3.0,1.0,10.0,2001.0,6965.896229490384,25.0,Moyen,Moyen,1900,1,1
ANO001362,2024-07-09,Villa à vente - Tanger,tanger,Iberia,villa,vente,3132539.17,354.89,4.0,3.0,1.0,2008.0,8826.789061399308,18.0,Luxe,Grand,2024,7,3
ANO000811,2023-04-11,Villa moderne Marrakech,marrakech,Targa,villa,location,9929.21,168.43,3.0,2.0,0.0,2009.0,58.95155257376951,17.0,Economique,Grand,2023,4,2
ANO000523,2024-08-28,Beau Villa Tanger,tanger,Iberia,villa,vente,6100486.08,291.28,5.0,3.0,0.0,1997.0,20943.717659983522,29.0,Luxe,Grand,2024,8,3
ANO001031,2024-06-21,Beau Appartement Tétouan,tétouan,M'diq,appartement,vente,331842.49,103.99,2.0,1.0,1.0,2009.0,3191.1000096163093,17.0,Economique,Moyen,2024,6,2
ANO000462,2023-04-05,Villa moderne Kenitra,kenitra,Centre,villa,vente,1897142.54,309.37,6.0,1.0,0.0,2012.0,6132.277014578013,14.0,Haut Standing,Grand,2023,4,2
ANO000935,2024-02-28,Villa à location - Agadir,agadir,Inconnu,villa,location,26098.8,169.68,4.0,3.0,0.0,2009.0,153.8118811881188,17.0,Economique,Grand,2024,2,1
ANO000976,2024-09-24,Terrain moderne Tétouan,tétouan,Centre,terrain,vente,875672.12,286.05,0.0,0.0,0.0,2011.0,3061.2554448522983,15.0,Moyen,Grand,2024,9,3
ANO000242,1900-01-01,Appartement moderne Rabat,rabat,Souissi,appartement,vente,639191.69,89.27,2.0,2.0,3.0,2008.0,7160.207124453904,18.0,Moyen,Moyen,1900,1,1
ANO001319,2024-06-02,Appartement moderne Casablanca,casablanca,Californie,appartement,vente,480322.2,69.72,2.0,2.0,4.0,2008.0,6889.302925989673,18.0,Economique,Petit,2024,6,2
ANO000599,2024-02-25,Terrain moderne Meknès,meknès,Ville Nouvelle,terrain,location,3455.84,209.76,0.0,0.0,0.0,2007.0,16.475209763539283,19.0,Economique,Grand,2024,2,1
ANO000790,2024-09-11,Duplex à vente - Tanger,tanger,Inconnu,duplex,vente,775585.23,94.17,2.0,2.0,8.0,2019.0,8236.011787193373,7.0,Moyen,Moyen,2024,9,3
ANO000616,2024-02-16,Bureau à vente - Rabat,rabat,Ocean,bureau,vente,788929.94,170.63,0.0,0.0,0.0,1987.0,4623.629725136259,39.0,Moyen,Grand,2024,2,1
ANO000566,2024-04-16,Bureau 79m² Californie,casablanca,Californie,bureau,vente,1975571.6,79.99,3.0,0.0,1.0,1989.0,24697.732216527067,37.0,Haut Standing,Petit,2024,4,2
ANO000007,2023-04-19,Beau Appartement Agadir,agadir,Hay Mohammadi,appartement,location,1764.15,49.69,3.0,1.0,0.0,2008.0,35.50311933990743,18.0,Economique,Petit,2023,4,2
ANO001426,2024-02-19,Villa 202m² Hivernage,marrakech,Hivernage,villa,vente,2149359.64,202.12,3.0,1.0,1.0,2002.0,10634.076983969919,24.0,Haut Standing,Grand,2024,2,1
ANO001201,2024-02-09,Appartement à vente - Oujda,oujda,Inconnu,appartement,vente,451127.74,67.02,3.0,2.0,1.0,2024.0,6731.2405252163535,2.0,Economique,Petit,2024,2,1
ANO000670,2024-06-07,Beau Appartement Casablanca,casablanca,Bourgogne,appartement,location,1807.8,101.48,3.0,1.0,8.0,2014.0,17.814347654710286,12.0,Economique,Moyen,2024,6,2
ANO000195,2024-07-12,Appartement à location - Agadir,agadir,Hay Mohammadi,appartement,location,9012.45,141.77,4.0,2.0,0.0,2011.0,63.57092473725048,15.0,Economique,Moyen,2024,7,3
ANO000987,2024-03-05,Appartement à vente - Casablanca,casablanca,Bourgogne,appartement,vente,2454248.06,57.34,3.0,1.0,1.0,2008.0,42801.675270317406,18.0,Haut Standing,Petit,2024,3,1
ANO000903,2024-03-01,Bureau 120m² Hay Riad,rabat,Hay Riad,bureau,vente,1257955.13,120.96,3.0,0.0,7.0,1994.0,10399.7613260582,32.0,Moyen,Moyen,2024,3,1
ANO000915,2024-05-02,Villa à location - Casablanca,casablanca,Anfa,villa,location,24261.09,294.65,4.0,1.0,0.0,2008.0,82.33867300186662,18.0,Economique,Grand,2024,5,2
ANO000813,2023-04-23,Beau Bureau Oujda,oujda,Centre,bureau,vente,1147410.96,153.04,0.0,0.0,2.0,2008.0,7497.457919498171,18.0,Moyen,Grand,2023,4,2
ANO000638,2023-07-31,Appartement moderne Tétouan,tétouan,Centre,appartement,vente,2892520.06,100.95,3.0,3.0,9.0,2014.0,28652.99712729074,12.0,Haut Standing,Moyen,2023,7,3
ANO001231,2023-12-19,Appartement moderne Marrakech,marrakech,Hivernage,inconnu,vente,614003.11,105.99,1.0,1.0,0.0,2019.0,5793.0286819511275,7.0,Moyen,Moyen,2023,12,4
ANO001345,2023-03-28,Appartement à vente - Oujda,oujda,Hay Qods,appartement,vente,411861.55,15.0,2.0,1.0,6.0,2003.0,27457.436666666665,23.0,Economique,Petit,2023,3,1
ANO001194,2024-04-09,Villa moderne Fès,fès,Medina,villa,vente,4400647.6,419.98,5.0,3.0,1.0,2019.0,10478.23134434973,7.0,Luxe,Grand,2024,4,2
ANO000618,2024-05-13,Appartement à location - Agadir,agadir,Talborjt,appartement,location,10840.5,55.16,3.0,2.0,2.0,2017.0,196.52828136330675,9.0,Economique,Petit,2024,5,2
ANO000829,2023-09-30,Beau Terrain Tanger,tanger,Centre Ville,terrain,vente,635132.86,403.15,0.0,1.0,0.0,2006.0,1575.4256728264913,20.0,Moyen,Grand,2023,9,3
ANO000379,2023-12-09,Appartement moderne Agadir,agadir,Inconnu,appartement,vente,520701.2,109.1,3.0,3.0,4.0,2008.0,4772.696608615949,18.0,Moyen,Moyen,2023,12,4
ANO001166,2024-05-08,Villa moderne Tanger,tanger,Iberia,villa,vente,3167577.02,315.24,4.0,2.0,1.0,2008.0,10048.14433447532,18.0,Luxe,Grand,2024,5,2
ANO001021,2024-09-08,Beau Appartement Meknès,meknès,Ville Nouvelle,appartement,vente,588094.39,76.68,2.0,1.0,1.0,2009.0,7669.462571726655,17.0,Moyen,Petit,2024,9,3
ANO001465,2024-12-19,Duplex à location - Tanger,tanger,Malabata,duplex,location,7978.42,123.36,3.0,2.0,3.0,2016.0,64.67590791180285,10.0,Economique,Moyen,2024,12,4
ANO000960,2023-04-19,Appartement moderne Kenitra,kenitra,Centre,appartement,location,1879.47,8.0,2.0,2.0,4.0,2008.0,234.93375,18.0,Economique,Petit,2023,4,2
ANO000649,2023-02-06,Beau Appartement Rabat,rabat,Agdal,appartement,location,8994.52,75.76,4.0,2.0,7.0,2005.0,118.72386483632523,21.0,Economique,Petit,2023,2,1
ANO000597,2024-10-16,Beau Appartement Fès,fès,Zouagha,appartement,vente,588300.94,118.51,4.0,2.0,5.0,1971.0,4964.145979242257,55.0,Moyen,Moyen,2024,10,4
ANO000166,2023-12-24,Appartement à vente - Oujda,oujda,Hay Qods,appartement,vente,614669.21,2500.0,2.0,2.0,1.0,2008.0,245.867684,18.0,Moyen,Grand,2023,12,4
ANO001391,2023-04-15,Beau Villa Marrakech,marrakech,Medina,villa,location,14743.18,237.15,5.0,2.0,0.0,2006.0,62.168163609529834,20.0,Economique,Grand,2023,4,2
ANO000322,2023-06-10,Beau Villa Kenitra,kenitra,Hay Essalam,villa,vente,7063505.64,242.82,3.0,1.0,1.0,2021.0,29089.472201630837,5.0,Luxe,Grand,2023,6,2
ANO001388,2023-12-17,Villa moderne Agadir,agadir,Talborjt,villa,location,9759.65,228.51,5.0,3.0,0.0,2008.0,42.70994704826922,18.0,Economique,Grand,2023,12,4
ANO000427,2024-06-05,Appartement à location - Tanger,tanger,Inconnu,appartement,location,8307.28,77.27,3.0,1.0,0.0,2011.0,107.50977093309177,15.0,Economique,Petit,2024,6,2
ANO000428,2024-06-26,Villa à location - Oujda,oujda,Inconnu,villa,location,8495.06,306.65,5.0,2.0,0.0,2017.0,27.702788195010598,9.0,Economique,Grand,2024,6,2
ANO000841,2024-07-05,Appartement moderne Tétouan,tétouan,Inconnu,appartement,vente,80000000.0,159.63,2.0,1.0,2.0,2012.0,501158.9300256844,14.0,Luxe,Grand,2024,7,3
ANO001124,2023-12-29,Beau Appartement Meknès,meknès,Ville Nouvelle,appartement,vente,2052426.07,83.06,3.0,2.0,1.0,2000.0,24710.162171923912,26.0,Haut Standing,Moyen,2023,12,4
ANO000952,2023-08-20,Villa moderne Tétouan,tétouan,Inconnu,villa,vente,6330812.14,347.44,5.0,2.0,0.0,2005.0,18221.310557218512,21.0,Luxe,Grand,2023,8,3
ANO001278,2023-04-09,Appartement moderne Oujda,oujda,Centre,appartement,vente,486604.35,110.9,2.0,2.0,0.0,1998.0,4387.775924256086,28.0,Economique,Moyen,2023,4,2
ANO000570,2023-01-12,Appartement moderne Oujda,oujda,Inconnu,appartement,location,3111.94,81.68,3.0,2.0,2.0,2002.0,38.09916748285994,24.0,Economique,Moyen,2023,1,1
ANO000375,2024-12-27,Terrain moderne Fès,fès,Zouagha,terrain,vente,991619.07,162.84,0.0,0.0,0.0,2024.0,6089.530029476787,2.0,Moyen,Grand,2024,12,4
ANO001241,2024-12-06,Beau Appartement Oujda,oujda,Hay Qods,appartement,vente,2398232.61,127.58,2.0,1.0,5.0,1996.0,18797.872785703086,30.0,Haut Standing,Moyen,2024,12,4
ANO001417,2024-04-11,Duplex moderne Tétouan,tétouan,M'diq,duplex,location,8383.17,147.12,3.0,1.0,4.0,2018.0,56.9818515497553,8.0,Economique,Moyen,2024,4,2
ANO000685,2024-07-05,Villa moderne Rabat,rabat,Ocean,villa,vente,5012825.27,225.7,3.0,1.0,1.0,1979.0,22210.12525476296,47.0,Luxe,Grand,2024,7,3
ANO000081,2023-05-05,Terrain 286m² Centre Ville,tanger,Centre Ville,terrain,vente,562243.78,286.23,0.0,0.0,0.0,2014.0,1964.3076546832967,12.0,Moyen,Grand,2023,5,2
ANO001264,2024-03-12,Villa à vente - Oujda,oujda,Inconnu,villa,vente,2851639.02,296.89,6.0,3.0,1.0,2006.0,9605.035602411668,20.0,Haut Standing,Grand,2024,3,1
ANO001176,2023-03-02,Appartement 80m² Talborjt,agadir,Talborjt,appartement,vente,409134.4,80.05,3.0,1.0,0.0,2024.0,5110.985633978764,2.0,Economique,Moyen,2023,3,1
ANO000740,2024-02-09,Duplex 254m² Medina,marrakech,Medina,duplex,vente,1760320.43,254.99,4.0,2.0,5.0,2008.0,6903.488097572454,18.0,Haut Standing,Grand,2024,2,1
ANO001249,2023-02-22,Beau Appartement Casablanca,casablanca,Bourgogne,appartement,location,1722.33,80.46,2.0,1.0,4.0,2008.0,21.406040268456376,18.0,Economique,Moyen,2023,2,1
ANO000336,2023-08-18,Bureau moderne Casablanca,casablanca,Californie,bureau,location,5429.58,155.81,0.0,0.0,1.0,2009.0,34.84744239779218,17.0,Economique,Grand,2023,8,3
ANO000644,2023-03-01,Bureau moderne Meknès,meknès,Hamria,bureau,location,7933.36,70.82,0.0,0.0,7.0,2013.0,112.02146286359786,13.0,Economique,Petit,2023,3,1
ANO000547,2024-05-03,Appartement moderne Tétouan,tétouan,M'diq,appartement,vente,797502.99,58.31,3.0,2.0,0.0,2010.0,13676.950608814954,16.0,Moyen,Petit,2024,5,2
ANO000954,2024-12-12,Appartement 71m² Ocean,rabat,Ocean,appartement,location,2293.17,71.72,3.0,1.0,10.0,2007.0,31.9739263803681,19.0,Economique,Petit,2024,12,4
ANO001116,2023-06-17,Duplex moderne Marrakech,marrakech,Inconnu,duplex,location,11108.32,135.78,3.0,1.0,5.0,2022.0,81.81116512004714,4.0,Economique,Moyen,2023,6,2
ANO000115,2023-07-11,Beau Villa Meknès,meknès,Inconnu,villa,vente,2322483.29,209.44,5.0,2.0,0.0,2006.0,11089.01494461421,20.0,Haut Standing,Grand,2023,7,3
ANO001280,2023-09-24,Terrain moderne Oujda,oujda,Hay Qods,terrain,vente,913930.29,2500.0,0.0,0.0,0.0,2007.0,365.572116,19.0,Moyen,Grand,2023,9,3
ANO000117,2023-12-04,Beau Duplex Oujda,oujda,Inconnu,duplex,vente,1368933.47,139.33,2.0,2.0,5.0,2012.0,9825.116414268283,14.0,Moyen,Moyen,2023,12,4
ANO000406,2024-11-11,Villa 3000m² Centre Ville,tanger,Centre Ville,villa,vente,2823871.04,3000.0,3.0,1.0,0.0,2012.0,941.2903466666667,14.0,Haut Standing,Grand,2024,11,4
ANO000486,2024-03-15,Appartement à vente - Marrakech,marrakech,Gueliz,appartement,vente,338708.47,8.0,3.0,2.0,6.0,2013.0,42338.55875,13.0,Economique,Petit,2024,3,1
ANO000775,2023-01-24,Villa 383m² Hay Essalam,kenitra,Hay Essalam,villa,vente,2428886.43,383.96,3.0,1.0,0.0,2009.0,6325.88402437754,17.0,Haut Standing,Grand,2023,1,1
ANO000331,2023-06-29,Beau Appartement Tanger,tanger,Inconnu,appartement,location,2300.02,33.96,1.0,1.0,1.0,2008.0,67.72732626619552,18.0,Economique,Petit,2023,6,2
ANO000493,1900-01-01,Appartement 95m² M'diq,tétouan,M'diq,appartement,vente,535486.22,95.49,3.0,1.0,4.0,2008.0,5607.772751073411,18.0,Moyen,Moyen,1900,1,1
ANO000017,2024-01-02,Appartement 40m² Malabata,tanger,Malabata,inconnu,vente,2137447.32,40.92,4.0,2.0,8.0,2012.0,52234.78299120234,14.0,Haut Standing,Petit,2024,1,1
ANO000856,2024-10-28,Appartement 60m² Ville Nouvelle,fès,Ville Nouvelle,appartement,vente,501027.9,60.1,3.0,2.0,9.0,2009.0,8336.57071547421,17.0,Moyen,Petit,2024,10,4
ANO001115,2024-07-15,Beau Terrain Tétouan,tétouan,Inconnu,inconnu,vente,492089.24,447.6,0.0,0.0,0.0,2002.0,1099.3950848972295,24.0,Economique,Grand,2024,7,3
ANO000292,2023-04-26,Appartement à vente - Marrakech,marrakech,Targa,appartement,vente,1707627.98,84.17,2.0,2.0,0.0,2024.0,20287.845788285613,2.0,Haut Standing,Moyen,2023,4,2
ANO000112,2023-02-13,Appartement 109m² Tanger,tanger,Inconnu,appartement,location,1874.96,109.38,3.0,2.0,0.0,2008.0,17.14170780764308,18.0,Economique,Moyen,2023,2,1
ANO001340,2024-04-21,Appartement moderne Meknès,meknès,Ville Nouvelle,appartement,vente,633540.16,72.06,2.0,1.0,1.0,2009.0,8791.842353594227,17.0,Moyen,Petit,2024,4,2
ANO000671,2024-12-12,Terrain 208m² Gueliz,marrakech,Gueliz,terrain,vente,317732.04,208.47,0.0,0.0,0.0,2008.0,1524.1139732335587,18.0,Economique,Grand,2024,12,4
ANO000473,2023-11-21,Bureau à vente - Casablanca,casablanca,Non spécifié,bureau,vente,1222805.25,130.74,0.0,0.0,4.0,2008.0,9352.954336851766,18.0,Moyen,Moyen,2023,11,4
ANO001434,2023-12-30,Beau Bureau Tétouan,tétouan,Centre,bureau,location,3531.96,103.06,0.0,0.0,3.0,1999.0,34.270910149427515,27.0,Economique,Moyen,2023,12,4
ANO000647,2024-09-25,Appartement 87m² Fès,fès,Inconnu,appartement,vente,680294.36,87.45,2.0,2.0,0.0,2008.0,7779.237964551172,18.0,Moyen,Moyen,2024,9,3
ANO001468,2023-06-25,Appartement 63m² Hay Essalam,kenitra,Hay Essalam,appartement,vente,2428771.95,63.02,2.0,1.0,0.0,2012.0,38539.70088860679,14.0,Haut Standing,Petit,2023,6,2
ANO000458,2023-12-08,Appartement 50m² Hivernage,marrakech,Hivernage,appartement,inconnu,755405.02,50.7,2.0,1.0,2.0,1997.0,14899.507297830374,29.0,Moyen,Petit,2023,12,4
ANO000341,2024-03-26,Appartement moderne Casablanca,casablanca,Maarif,appartement,vente,612740.26,70.66,4.0,2.0,2.0,1999.0,8671.6708180017,27.0,Moyen,Petit,2024,3,1
ANO001252,2024-10-14,Appartement moderne Meknès,meknès,Hamria,appartement,vente,496213.05,67.69,2.0,2.0,1.0,2008.0,7330.669966021569,18.0,Economique,Petit,2024,10,4
ANO000181,2024-08-09,Appartement 56m² Hay Qods,oujda,Hay Qods,appartement,location,320000.0,56.76,18.0,10.0,6.0,2014.0,5637.7730796335445,12.0,Economique,Petit,2024,8,3
ANO000739,2024-09-23,Villa à vente - Rabat,rabat,Hay Riad,villa,vente,5294936.78,271.27,4.0,2.0,1.0,2008.0,19519.065064327056,18.0,Luxe,Grand,2024,9,3
ANO000237,2023-11-28,Appartement à location - Tétouan,tétouan,Inconnu,appartement,location,4668.91,127.41,2.0,1.0,9.0,2008.0,36.64476885644769,18.0,Economique,Moyen,2023,11,4
ANO000160,2023-03-31,Appartement 161m² Meknès,meknès,Inconnu,appartement,vente,587350.02,161.97,3.0,2.0,0.0,2008.0,3626.2889423967404,18.0,Moyen,Grand,2023,3,1
ANO000032,2023-08-15,Beau Villa Meknès,meknès,Ville Nouvelle,villa,vente,2036168.93,218.63,4.0,3.0,0.0,1998.0,9313.309838539999,28.0,Haut Standing,Grand,2023,8,3
ANO000415,2024-04-29,Beau Appartement Fès,fès,Zouagha,inconnu,location,7069.31,59.63,3.0,1.0,8.0,2008.0,118.55290960925709,18.0,Economique,Petit,2024,4,2
ANO000012,2023-03-02,Beau Appartement Marrakech,marrakech,Targa,appartement,location,1692.3,105.56,3.0,3.0,1.0,2000.0,16.031640773020083,26.0,Economique,Moyen,2023,3,1
ANO000219,2024-10-07,Terrain 307m² Hay Essalam,kenitra,Hay Essalam,terrain,vente,1572007.94,307.11,0.0,0.0,0.0,2010.0,5118.712969294389,16.0,Haut Standing,Grand,2024,10,4
ANO000941,2024-11-29,Villa 317m² Oujda,oujda,Inconnu,villa,vente,2060558.3,317.61,5.0,3.0,0.0,2009.0,6487.699694593999,17.0,Haut Standing,Grand,2024,11,4
ANO001121,2024-06-08,Appartement moderne Tétouan,tétouan,M'diq,appartement,location,6154.67,42.82,2.0,1.0,1.0,1995.0,143.73353573096685,31.0,Economique,Petit,2024,6,2
ANO001247,2024-04-23,Bureau à vente - Tétouan,tétouan,Centre,bureau,vente,1051766.9,66.08,0.0,0.0,1.0,2004.0,15916.56930992736,22.0,Moyen,Petit,2024,4,2
ANO000906,1900-01-01,Appartement à vente - Fès,fès,Medina,appartement,vente,1159989.4,100.64,3.0,1.0,1.0,2013.0,11526.126788553258,13.0,Moyen,Moyen,1900,1,1
ANO000214,2024-02-27,Villa moderne Fès,fès,Ville Nouvelle,villa,vente,1552460.61,223.14,4.0,2.0,0.0,2024.0,6957.338935197635,2.0,Haut Standing,Grand,2024,2,1
ANO001026,2024-10-16,Appartement moderne Casablanca,casablanca,Non spécifié,appartement,location,3072.67,104.38,3.0,2.0,4.0,2008.0,29.437344318835027,18.0,Economique,Moyen,2024,10,4
ANO000864,2024-06-25,Appartement 115m² Centre,oujda,Centre,appartement,vente,542377.05,115.94,1.0,1.0,0.0,2006.0,4678.083922718648,20.0,Moyen,Moyen,2024,6,2
ANO001059,2024-08-27,Terrain moderne Tétouan,tétouan,Inconnu,terrain,vente,499334.89,209.71,0.0,0.0,0.0,1998.0,2381.0733393734204,28.0,Economique,Grand,2024,8,3
ANO001125,2023-09-14,Duplex 240m² Hay Mohammadi,agadir,Hay Mohammadi,duplex,vente,2670556.53,240.36,2.0,1.0,7.0,1996.0,11110.652895656514,30.0,Haut Standing,Grand,2023,9,3
ANO000476,2023-04-12,Appartement à vente - Rabat,rabat,Agdal,appartement,vente,1213457.36,136.41,3.0,2.0,1.0,1983.0,8895.662781321018,43.0,Moyen,Moyen,2023,4,2
ANO001440,2023-01-15,Beau Villa Meknès,meknès,Ville Nouvelle,villa,vente,2763954.5,262.36,4.0,2.0,0.0,2007.0,10534.969126391217,19.0,Haut Standing,Grand,2023,1,1
ANO001060,2023-10-10,Villa moderne Tanger,tanger,Inconnu,villa,vente,5247896.78,328.02,4.0,3.0,0.0,2014.0,15998.709773794282,12.0,Luxe,Grand,2023,10,4
ANO001147,2024-07-16,Appartement 92m² Hamria,meknès,Hamria,appartement,vente,395403.09,92.32,3.0,2.0,1.0,2011.0,4282.962413344888,15.0,Economique,Moyen,2024,7,3
ANO000995,2024-03-06,Bureau à vente - Fès,fès,Medina,bureau,vente,1492996.84,131.55,0.0,0.0,8.0,1975.0,11349.272824021284,51.0,Moyen,Moyen,2024,3,1
ANO000713,2023-05-28,Appartement 123m² Hivernage,marrakech,Hivernage,appartement,vente,562222.76,123.73,4.0,2.0,2.0,2008.0,4543.948597753172,18.0,Moyen,Moyen,2023,5,2
ANO000997,2024-01-24,Appartement moderne Casablanca,casablanca,Anfa,appartement,vente,414375.55,145.29,2.0,1.0,3.0,2022.0,2852.058297198706,4.0,Economique,Moyen,2024,1,1
ANO001312,2024-10-16,Villa moderne Casablanca,casablanca,Hay Mohammadi,villa,vente,7141269.98,254.81,4.0,3.0,0.0,2005.0,28025.862328794006,21.0,Luxe,Grand,2024,10,4
ANO000916,2024-01-20,Appartement 91m² Tétouan,tétouan,Inconnu,appartement,vente,514407.1,91.03,1.0,1.0,0.0,2000.0,5650.962320114248,26.0,Moyen,Moyen,2024,1,1
ANO000738,2024-02-22,Villa 320m² Anfa,casablanca,Anfa,villa,location,27627.09,320.59,4.0,3.0,0.0,1993.0,86.17576967466235,33.0,Economique,Grand,2024,2,1
ANO001192,2023-06-13,Appartement moderne Kenitra,kenitra,Inconnu,appartement,vente,573286.23,53.25,3.0,1.0,3.0,2012.0,10765.938591549295,14.0,Moyen,Petit,2023,6,2
ANO000080,2024-05-17,Beau Appartement Tanger,tanger,Inconnu,appartement,location,8298.33,68.46,4.0,2.0,3.0,2016.0,121.21428571428572,10.0,Economique,Petit,2024,5,2
ANO000374,2024-02-07,Appartement à vente - Kenitra,kenitra,Inconnu,appartement,vente,2420261.76,112.64,3.0,2.0,2.0,2019.0,21486.69886363636,7.0,Haut Standing,Moyen,2024,2,1
ANO000704,2024-03-10,Appartement moderne Rabat,rabat,Hay Riad,appartement,vente,2241274.97,71.4,3.0,1.0,5.0,2008.0,31390.40574229692,18.0,Haut Standing,Petit,2024,3,1
ANO000637,2024-07-01,Appartement à location - Casablanca,casablanca,Inconnu,appartement,location,1626.92,88.57,3.0,1.0,1.0,2024.0,18.368747883030373,2.0,Economique,Moyen,2024,7,3
ANO001205,2023-10-20,Appartement à vente - Agadir,agadir,Talborjt,appartement,vente,528508.81,94.9,2.0,2.0,1.0,2008.0,5569.112855637513,18.0,Moyen,Moyen,2023,10,4
ANO000230,2024-03-20,Appartement moderne Fès,fès,Ville Nouvelle,appartement,vente,1850071.68,102.77,3.0,1.0,1.0,2006.0,18002.05974506179,20.0,Haut Standing,Moyen,2024,3,1
ANO001196,2023-12-28,Beau Appartement Marrakech,marrakech,Targa,appartement,vente,1482596.95,67.61,2.0,2.0,0.0,2002.0,21928.66365922201,24.0,Moyen,Petit,2023,12,4
ANO000247,2024-06-17,Appartement 110m² Tétouan,tétouan,Inconnu,appartement,vente,749856.93,110.36,2.0,1.0,3.0,1995.0,6794.644164552375,31.0,Moyen,Moyen,2024,6,2
ANO000894,2023-05-03,Appartement à vente - Casablanca,casablanca,Anfa,appartement,vente,518386.21,101.98,2.0,2.0,0.0,1995.0,5083.214453814473,31.0,Moyen,Moyen,2023,5,2
ANO001168,2023-03-16,Appartement à vente - Tétouan,tétouan,Centre,appartement,vente,1749074.62,86.13,3.0,2.0,6.0,2010.0,20307.379774759087,16.0,Haut Standing,Moyen,2023,3,1
ANO001012,1900-01-01,Terrain 307m² Targa,marrakech,Targa,terrain,vente,505311.79,307.08,0.0,0.0,1.0,2013.0,1645.5379379966132,13.0,Moyen,Grand,1900,1,1
ANO000170,2024-01-26,Bureau 121m² Centre,kenitra,Centre,bureau,vente,854403.69,121.94,0.0,0.0,7.0,2003.0,7006.754879448909,23.0,Moyen,Moyen,2024,1,1
ANO000953,2023-04-08,Beau Terrain Casablanca,casablanca,Hay Mohammadi,terrain,vente,584624.33,272.34,0.0,0.0,1.0,2017.0,2146.6708158919,9.0,Moyen,Grand,2023,4,2
ANO000293,2024-08-29,Villa moderne Tétouan,tétouan,Centre,villa,location,7764.78,267.9,3.0,2.0,0.0,2009.0,28.98387458006719,17.0,Economique,Grand,2024,8,3
ANO001441,2023-11-28,Appartement 82m² Ville Nouvelle,fès,Ville Nouvelle,appartement,vente,1992050.55,82.32,2.0,2.0,6.0,2018.0,24198.86479591837,8.0,Haut Standing,Moyen,2023,11,4
ANO000562,2023-06-24,Beau Appartement Casablanca,casablanca,Inconnu,appartement,vente,2129743.71,55.52,3.0,1.0,1.0,2017.0,38359.93713976945,9.0,Haut Standing,Petit,2023,6,2
ANO001226,2024-02-11,Appartement moderne Marrakech,marrakech,Targa,appartement,vente,558744.89,86.83,3.0,1.0,2.0,2008.0,6434.929056777612,18.0,Moyen,Moyen,2024,2,1
ANO001392,2024-05-14,Beau Appartement Kenitra,kenitra,Hay Essalam,appartement,vente,434050.44,80.62,1.0,1.0,3.0,2013.0,5383.905234433143,13.0,Economique,Moyen,2024,5,2
ANO000835,2023-04-26,Bureau 95m² Fès,fès,Inconnu,bureau,vente,1067476.65,95.51,0.0,0.0,8.0,1983.0,11176.595644435136,43.0,Moyen,Moyen,2023,4,2
ANO001269,2024-03-04,Bureau moderne Meknès,meknès,Hamria,bureau,vente,842884.99,140.54,0.0,0.0,0.0,2010.0,5997.473957592145,16.0,Moyen,Moyen,2024,3,1
ANO000444,2024-10-21,Appartement moderne Casablanca,casablanca,Anfa,appartement,location,8959.89,123.27,20.0,13.0,1.0,2008.0,72.6850815283524,18.0,Economique,Moyen,2024,10,4
ANO001275,2023-01-03,Beau Villa Meknès,meknès,Hamria,villa,vente,2177553.48,264.6,4.0,2.0,0.0,2004.0,8229.604988662131,22.0,Haut Standing,Grand,2023,1,1
ANO001404,2024-10-25,Appartement 78m² Hay Qods,oujda,Hay Qods,appartement,vente,414873.52,78.59,2.0,1.0,6.0,2005.0,5278.960682020614,21.0,Economique,Petit,2024,10,4
ANO000573,2023-03-28,Villa à vente - Kenitra,kenitra,Centre,villa,vente,2365990.17,265.24,4.0,3.0,0.0,2015.0,8920.186133313226,11.0,Haut Standing,Grand,2023,3,1
ANO000420,2024-01-26,Terrain 215m² Hay Essalam,kenitra,Hay Essalam,terrain,vente,925705.7,215.4,0.0,0.0,0.0,2008.0,4297.61234911792,18.0,Moyen,Grand,2024,1,1
ANO000366,2024-09-12,Villa moderne Marrakech,marrakech,Inconnu,villa,location,23515.7,256.29,3.0,2.0,0.0,1994.0,91.75426274922938,32.0,Economique,Grand,2024,9,3
ANO001427,2024-06-28,Appartement moderne Tétouan,tétouan,Centre,appartement,location,7891.0,94.1,1.0,1.0,0.0,2024.0,83.8575982996812,2.0,Economique,Moyen,2024,6,2
ANO000931,2024-11-09,Appartement 71m² Hay Qods,oujda,Hay Qods,appartement,vente,2238011.79,71.06,1.0,1.0,7.0,2006.0,31494.67759639741,20.0,Haut Standing,Petit,2024,11,4
ANO001173,1900-01-01,Villa à vente - Oujda,oujda,Inconnu,villa,vente,1802221.47,283.95,5.0,2.0,0.0,2020.0,6346.967670364501,6.0,Haut Standing,Grand,1900,1,1
ANO000413,2023-06-24,Appartement 71m² Hivernage,marrakech,Hivernage,appartement,vente,2671080.33,71.16,2.0,1.0,5.0,2014.0,37536.26096121417,12.0,Haut Standing,Petit,2023,6,2
ANO000316,2024-03-26,Duplex 73m² Hay Riad,rabat,Hay Riad,duplex,vente,1157949.14,73.72,3.0,2.0,1.0,1989.0,15707.394736842105,37.0,Moyen,Petit,2024,3,1
ANO001062,2023-10-25,Appartement moderne Tanger,tanger,Inconnu,appartement,location,2041.22,65.5,2.0,1.0,0.0,2020.0,31.163664122137405,6.0,Economique,Petit,2023,10,4
ANO001233,2023-02-20,Beau Terrain Meknès,meknès,Ville Nouvelle,terrain,vente,628476.19,339.91,0.0,0.0,0.0,2017.0,1848.9488099791117,9.0,Moyen,Grand,2023,2,1
ANO000643,2023-01-26,Villa 227m² Oujda,oujda,Inconnu,villa,vente,934856.24,227.12,5.0,2.0,1.0,2008.0,4116.133497710462,18.0,Moyen,Grand,2023,1,1
ANO001135,1900-01-01,Terrain moderne Kenitra,kenitra,Inconnu,terrain,location,3434.58,288.14,0.0,0.0,0.0,2013.0,11.919830637884361,13.0,Economique,Grand,1900,1,1
ANO000490,2024-07-04,Appartement 55m² Maarif,casablanca,Maarif,appartement,location,2389.44,55.1,2.0,2.0,1.0,2006.0,43.36551724137931,20.0,Economique,Petit,2024,7,3
ANO000672,1900-01-01,Villa à vente - Marrakech,marrakech,Hivernage,villa,vente,4590145.35,316.36,5.0,1.0,0.0,2008.0,14509.246902263243,18.0,Luxe,Grand,1900,1,1
ANO000867,1900-01-01,Appartement 72m² Centre,agadir,Centre,appartement,vente,2480031.58,72.7,2.0,2.0,1.0,1994.0,34113.22668500688,32.0,Haut Standing,Petit,1900,1,1
ANO001473,2023-09-18,Appartement moderne Casablanca,casablanca,Bourgogne,appartement,vente,2104826.72,36.26,3.0,2.0,6.0,2008.0,58048.17209045781,18.0,Haut Standing,Petit,2023,9,3
ANO000449,1900-01-01,Bureau à vente - Marrakech,marrakech,Medina,bureau,vente,1579821.65,60.6,0.0,0.0,3.0,1989.0,26069.66419141914,37.0,Haut Standing,Petit,1900,1,1
ANO001025,2023-05-06,Appartement 125m² Zouagha,fès,Zouagha,appartement,location,8323.73,125.8,4.0,3.0,5.0,1989.0,66.16637519872813,37.0,Economique,Moyen,2023,5,2
ANO000728,2023-07-01,Villa 235m² Centre,kenitra,Centre,villa,vente,5463831.87,235.57,3.0,2.0,0.0,2008.0,23194.090376533517,18.0,Luxe,Grand,2023,7,3
ANO000069,2023-12-11,Beau Appartement Tétouan,tétouan,Centre,appartement,location,5795.73,61.55,2.0,1.0,8.0,2014.0,94.1629569455727,12.0,Economique,Petit,2023,12,4
ANO001189,1900-01-01,Beau Appartement Tétouan,tétouan,M'diq,appartement,vente,2383354.33,86.29,2.0,2.0,1.0,2011.0,27620.2842739599,15.0,Haut Standing,Moyen,1900,1,1
ANO001053,2024-04-17,Appartement 87m² Hay Qods,oujda,Hay Qods,appartement,vente,1505029.34,87.74,3.0,1.0,2.0,2020.0,17153.2863004331,6.0,Haut Standing,Moyen,2024,4,2
ANO000056,2024-10-28,Beau Appartement Kenitra,kenitra,Centre,appartement,location,2398.13,105.55,3.0,2.0,3.0,2024.0,22.72032212221696,2.0,Economique,Moyen,2024,10,4
ANO000880,2023-05-02,Bureau à location - Casablanca,casablanca,Bourgogne,bureau,location,6306.1,78.7,0.0,0.0,4.0,2005.0,80.12833545108005,21.0,Economique,Petit,2023,5,2
ANO001328,2024-09-04,Beau Bureau Agadir,agadir,Centre,bureau,vente,1856245.83,246.08,0.0,0.0,8.0,2001.0,7543.261662873862,25.0,Haut Standing,Grand,2024,9,3
ANO000328,2023-09-02,Terrain à vente - Rabat,rabat,Hassan,terrain,vente,927637.27,183.96,0.0,0.0,0.0,1999.0,5042.6031202435315,27.0,Moyen,Grand,2023,9,3
ANO000048,2023-05-21,Appartement 44m² Rabat,rabat,Inconnu,appartement,location,2827.43,44.81,4.0,3.0,0.0,2002.0,63.09819236777504,24.0,Economique,Petit,2023,5,2
ANO001030,2024-09-13,Terrain 65m² Maarif,casablanca,Maarif,terrain,vente,1165691.24,65.87,0.0,0.0,0.0,2008.0,17696.845908607862,18.0,Moyen,Petit,2024,9,3
ANO001096,2024-05-12,Beau Bureau Meknès,meknès,Hamria,inconnu,vente,1801367.93,106.8,3.0,0.0,1.0,2008.0,16866.740917602998,18.0,Haut Standing,Moyen,2024,5,2
ANO000158,2024-08-26,Terrain 118m² Tanger,tanger,Inconnu,terrain,vente,109423.65,118.18,0.0,0.0,0.0,2020.0,925.906667794889,6.0,Economique,Moyen,2024,8,3
ANO001050,2023-07-07,Appartement à location - Fès,fès,Inconnu,appartement,location,1858.16,82.23,2.0,1.0,3.0,1986.0,22.59710567919251,40.0,Economique,Moyen,2023,7,3
ANO000383,2023-01-09,Beau Appartement Kenitra,kenitra,Inconnu,appartement,vente,1561489.97,49.0,2.0,1.0,4.0,2022.0,31867.142244897957,4.0,Haut Standing,Petit,2023,1,1
ANO000357,2023-12-09,Beau Duplex Marrakech,marrakech,Targa,duplex,location,320000.0,167.33,3.0,2.0,1.0,2009.0,1912.3886930018525,17.0,Economique,Grand,2023,12,4
ANO001198,2024-01-28,Appartement 142m² Centre,kenitra,Centre,appartement,vente,2241648.36,142.59,3.0,1.0,3.0,1998.0,15720.936671575846,28.0,Haut Standing,Moyen,2024,1,1
ANO000571,1900-01-01,Bureau moderne Rabat,rabat,Hay Riad,bureau,location,6571.33,115.18,0.0,0.0,7.0,1967.0,57.052700121548874,59.0,Economique,Moyen,1900,1,1
ANO000461,2023-12-12,Appartement moderne Oujda,oujda,Inconnu,appartement,vente,631351.1,72.8,2.0,2.0,5.0,2024.0,8672.40521978022,2.0,Moyen,Petit,2023,12,4
ANO001478,2024-04-16,Beau Appartement Rabat,rabat,Souissi,appartement,vente,282343.84,90.67,3.0,2.0,1.0,1991.0,3113.9719863240325,35.0,Economique,Moyen,2024,4,2
ANO000025,2023-05-22,Villa moderne Marrakech,marrakech,Hivernage,villa,vente,2182086.98,375.17,4.0,2.0,0.0,1989.0,5816.261907935069,37.0,Haut Standing,Grand,2023,5,2
ANO000038,2024-11-21,Duplex 153m² Centre,tétouan,Centre,duplex,vente,1784091.67,153.01,3.0,2.0,4.0,2024.0,11659.967779883667,2.0,Haut Standing,Grand,2024,11,4
ANO000801,2024-11-16,Beau Villa Agadir,agadir,Centre,villa,vente,1839131.22,264.15,5.0,2.0,0.0,2005.0,6962.45019875071,21.0,Haut Standing,Grand,2024,11,4
ANO001415,2024-12-20,Terrain moderne Fès,fès,Ville Nouvelle,terrain,location,2492.13,383.84,0.0,0.0,1.0,2000.0,6.492627136306795,26.0,Economique,Grand,2024,12,4
ANO001131,2023-11-18,Duplex à location - Fès,fès,Ville Nouvelle,duplex,location,3415.21,109.86,3.0,1.0,7.0,1998.0,31.08692881849627,28.0,Economique,Moyen,2023,11,4
ANO001022,2023-11-02,Appartement 47m² Gueliz,marrakech,Gueliz,appartement,vente,486480.15,47.14,3.0,2.0,6.0,2012.0,10319.90135765804,14.0,Economique,Petit,2023,11,4
ANO000397,2024-08-05,Appartement 60m² Oujda,oujda,Inconnu,appartement,vente,616006.25,60.79,3.0,2.0,3.0,2010.0,10133.348412567857,16.0,Moyen,Petit,2024,8,3
ANO000939,2024-02-02,Appartement moderne Agadir,agadir,Inconnu,appartement,vente,2733022.82,105.35,2.0,2.0,3.0,2013.0,25942.314380635977,13.0,Haut Standing,Moyen,2024,2,1
ANO000849,2023-03-03,Beau Appartement Casablanca,casablanca,Maarif,appartement,inconnu,2970686.59,95.82,2.0,1.0,0.0,1979.0,31002.782195783762,47.0,Haut Standing,Moyen,2023,3,1
ANO000498,2024-07-12,Appartement à vente - Agadir,agadir,Centre,appartement,vente,856983.91,70.89,3.0,2.0,1.0,2011.0,12088.925236281564,15.0,Moyen,Petit,2024,7,3
ANO000714,2024-05-09,Bureau moderne Rabat,rabat,Hassan,bureau,vente,612989.89,126.59,0.0,0.0,5.0,2000.0,4842.324749190299,26.0,Moyen,Moyen,2024,5,2
ANO000984,2024-10-03,Villa à location - Casablanca,casablanca,Bourgogne,villa,location,5539.05,346.48,4.0,3.0,0.0,2011.0,15.986637035326714,15.0,Economique,Grand,2024,10,4
ANO001265,2023-02-27,Villa à location - Tanger,tanger,Centre Ville,villa,location,9314.4,230.75,4.0,2.0,1.0,2010.0,40.365763813651135,16.0,Economique,Grand,2023,2,1
ANO000226,2024-01-23,Villa moderne Tanger,tanger,Inconnu,villa,vente,4833274.97,161.15,4.0,3.0,0.0,2024.0,29992.398200434374,2.0,Luxe,Grand,2024,1,1
ANO000288,2023-01-15,Terrain à vente - Marrakech,marrakech,Medina,terrain,vente,345276.77,485.7,3.0,0.0,0.0,2024.0,710.8848466131358,2.0,Economique,Grand,2023,1,1
ANO000804,2023-05-13,Bureau à vente - Fès,fès,Medina,bureau,vente,740694.68,152.75,0.0,0.0,2.0,2008.0,4849.065008183306,18.0,Moyen,Grand,2023,5,2
ANO001132,2024-12-30,Appartement 134m² Meknès,meknès,Inconnu,appartement,vente,540920.13,134.31,3.0,2.0,2.0,2008.0,4027.4002680366316,18.0,Moyen,Moyen,2024,12,4
ANO000975,2024-10-15,Terrain moderne Casablanca,casablanca,Hay Mohammadi,terrain,location,2966.36,292.3,0.0,1.0,0.0,2001.0,10.1483407458091,25.0,Economique,Grand,2024,10,4
ANO000431,2024-03-11,Villa moderne Marrakech,marrakech,Gueliz,villa,vente,6582867.91,449.44,4.0,2.0,0.0,2009.0,14646.82251245995,17.0,Luxe,Grand,2024,3,1
ANO000640,2024-11-09,Beau Appartement Tanger,tanger,Malabata,appartement,location,1901.99,80.8,3.0,2.0,1.0,2006.0,23.539480198019803,20.0,Economique,Moyen,2024,11,4
ANO000859,1900-01-01,Appartement à vente - Casablanca,casablanca,Inconnu,appartement,vente,864495.17,57.2,2.0,2.0,4.0,2021.0,15113.551923076922,5.0,Moyen,Petit,1900,1,1
ANO000687,2024-10-31,Villa 265m² Ain Diab,casablanca,Ain Diab,villa,vente,6393841.99,265.49,4.0,2.0,0.0,2012.0,24083.174469848203,14.0,Luxe,Grand,2024,10,4
ANO000805,2023-11-09,Appartement moderne Tétouan,tétouan,Inconnu,appartement,vente,415294.62,62.06,3.0,1.0,2.0,2018.0,6691.824363519175,8.0,Economique,Petit,2023,11,4
ANO001448,2023-02-24,Villa 405m² Meknès,meknès,Inconnu,villa,vente,6287846.6,405.87,4.0,2.0,1.0,2008.0,15492.267474807204,18.0,Luxe,Grand,2023,2,1
ANO000901,2023-05-10,Beau Appartement Rabat,rabat,Hay Riad,appartement,vente,2154723.41,112.27,4.0,3.0,2.0,2024.0,19192.33463970785,2.0,Haut Standing,Moyen,2023,5,2
ANO001435,2024-03-15,Beau Appartement Fès,fès,Zouagha,appartement,location,6441.41,102.59,3.0,3.0,2.0,2008.0,62.78789355687689,18.0,Economique,Moyen,2024,3,1
ANO001324,2024-11-20,Villa à vente - Tanger,tanger,Iberia,villa,vente,2845322.23,218.22,4.0,3.0,0.0,2001.0,13038.778434607277,25.0,Haut Standing,Grand,2024,11,4
ANO000198,2023-10-11,Bureau à vente - Fès,fès,Zouagha,bureau,vente,1008937.02,139.16,0.0,0.0,2.0,2008.0,7250.19416498994,18.0,Moyen,Moyen,2023,10,4
ANO001174,2024-02-16,Bureau moderne Tanger,tanger,Iberia,bureau,location,1253.09,140.11,0.0,0.0,2.0,1990.0,8.943615730497465,36.0,Economique,Moyen,2024,2,1
ANO000385,2023-01-07,Villa 144m² Ville Nouvelle,fès,Ville Nouvelle,villa,vente,1880519.13,144.15,4.0,2.0,0.0,2024.0,13045.571488033298,2.0,Haut Standing,Moyen,2023,1,1
ANO000070,2023-07-18,Appartement à vente - Fès,fès,Inconnu,appartement,vente,611654.31,97.88,3.0,1.0,5.0,2024.0,6249.022374335922,2.0,Moyen,Moyen,2023,7,3
ANO000459,2023-04-23,Terrain moderne Casablanca,casablanca,Hay Mohammadi,terrain,location,4965.4,274.88,0.0,0.0,0.0,1989.0,18.063882421420256,37.0,Economique,Grand,2023,4,2
ANO000139,2024-08-10,Appartement moderne Rabat,rabat,Ocean,appartement,location,2359.51,66.29,4.0,2.0,3.0,2008.0,35.59375471413486,18.0,Economique,Petit,2024,8,3
ANO000141,2023-07-20,Appartement moderne Kenitra,kenitra,Centre,appartement,location,3189.16,128.88,20.0,10.0,4.0,2008.0,24.745189323401615,18.0,Economique,Moyen,2023,7,3
ANO000533,2024-02-23,Appartement à vente - Oujda,oujda,Hay Qods,appartement,vente,624298.51,136.44,4.0,2.0,0.0,2010.0,4575.626722368807,16.0,Moyen,Moyen,2024,2,1
ANO001144,2024-03-10,Villa moderne Fès,fès,Ville Nouvelle,villa,vente,2750661.48,287.32,5.0,3.0,1.0,2020.0,9573.51204232215,6.0,Haut Standing,Grand,2024,3,1
ANO000730,2024-09-21,Terrain à vente - Agadir,agadir,Centre,terrain,vente,720004.3,248.49,0.0,0.0,0.0,2014.0,2897.5182099883295,12.0,Moyen,Grand,2024,9,3
ANO001164,2024-10-07,Villa moderne Agadir,agadir,Centre,villa,vente,3603601.25,223.84,3.0,3.0,0.0,2008.0,16099.004869549679,18.0,Luxe,Grand,2024,10,4
ANO001007,2023-03-30,Beau Appartement Casablanca,casablanca,Bourgogne,appartement,inconnu,1983.44,98.79,1.0,1.0,3.0,2018.0,20.07733576272902,8.0,Economique,Moyen,2023,3,1
ANO000676,2023-04-20,Bureau à location - Casablanca,casablanca,Maarif,bureau,location,5094.16,192.02,0.0,0.0,1.0,2018.0,26.52931986251432,8.0,Economique,Grand,2023,4,2
ANO000337,2024-04-09,Beau Appartement Oujda,oujda,Centre,appartement,location,9679.28,71.62,1.0,1.0,10.0,2020.0,135.14772409941358,6.0,Economique,Petit,2024,4,2
ANO000574,2023-03-22,Appartement 97m² Zouagha,fès,Zouagha,appartement,vente,1825805.45,97.83,3.0,2.0,8.0,2008.0,18663.042522743533,18.0,Haut Standing,Moyen,2023,3,1
ANO001263,2023-07-02,Villa moderne Meknès,meknès,Ville Nouvelle,villa,vente,6474537.48,179.18,5.0,2.0,0.0,2011.0,36134.26431521375,15.0,Luxe,Grand,2023,7,3
ANO001162,2024-12-08,Bureau 79m² Gueliz,marrakech,Gueliz,bureau,vente,1174326.34,79.58,0.0,0.0,0.0,2005.0,14756.551143503395,21.0,Moyen,Petit,2024,12,4
ANO000395,2024-07-20,Beau Appartement Marrakech,marrakech,Inconnu,appartement,vente,660197.99,45.74,2.0,1.0,1.0,2002.0,14433.71206821163,24.0,Moyen,Petit,2024,7,3
ANO001436,2024-03-29,Appartement 69m² Souissi,rabat,Souissi,appartement,vente,1360851.15,69.25,2.0,1.0,2.0,2010.0,19651.280144404333,16.0,Moyen,Petit,2024,3,1
ANO001186,2023-03-26,Villa moderne Fès,fès,Medina,villa,vente,2183859.69,301.24,4.0,2.0,1.0,2008.0,7249.567421325189,18.0,Haut Standing,Grand,2023,3,1
ANO001086,2023-08-20,Appartement 62m² Meknès,meknès,Inconnu,appartement,vente,567770.73,62.97,2.0,1.0,2.0,2004.0,9016.527393997141,22.0,Moyen,Petit,2023,8,3
ANO000769,2024-03-14,Appartement à vente - Meknès,meknès,Inconnu,appartement,vente,789480.1,162.75,1.0,1.0,5.0,2008.0,4850.8761904761905,18.0,Moyen,Grand,2024,3,1
ANO000938,2023-03-17,Appartement 128m² Hay Qods,oujda,Hay Qods,appartement,vente,473733.06,128.47,1.0,1.0,4.0,2007.0,3687.4994940453025,19.0,Economique,Moyen,2023,3,1
ANO001353,2024-10-31,Appartement moderne Tanger,tanger,Inconnu,appartement,vente,725463.51,96.22,3.0,1.0,0.0,2017.0,7539.633236333403,9.0,Moyen,Moyen,2024,10,4
ANO000516,2024-03-07,Appartement à vente - Agadir,agadir,Talborjt,appartement,vente,2187509.7,60.04,3.0,1.0,5.0,2012.0,36434.205529646904,14.0,Haut Standing,Petit,2024,3,1
ANO000888,2024-10-24,Appartement à location - Tétouan,tétouan,Centre,appartement,location,1770.37,99.93,20.0,10.0,2.0,2002.0,17.71610127088962,24.0,Economique,Moyen,2024,10,4
ANO000065,2024-01-29,Bureau 70m² Oujda,oujda,Inconnu,bureau,vente,1285637.5,70.17,0.0,0.0,1.0,2011.0,18321.7543109591,15.0,Moyen,Petit,2024,1,1
ANO000282,2024-12-13,Beau Villa Marrakech,marrakech,Targa,villa,vente,2391204.87,263.32,5.0,3.0,1.0,2013.0,9080.984619474404,13.0,Haut Standing,Grand,2024,12,4
ANO000207,2024-08-12,Appartement à vente - Rabat,rabat,Hay Riad,appartement,vente,2192403.69,90.6,2.0,1.0,1.0,1988.0,24198.716225165565,38.0,Haut Standing,Moyen,2024,8,3
ANO000167,2024-10-29,Bureau à location - Agadir,agadir,Hay Mohammadi,bureau,location,3399.01,64.69,0.0,0.0,1.0,2017.0,52.54305147627145,9.0,Economique,Petit,2024,10,4
ANO000091,2023-08-01,Appartement 49m² Kenitra,kenitra,Inconnu,appartement,vente,2576509.32,49.1,2.0,2.0,3.0,2019.0,52474.731568228104,7.0,Haut Standing,Petit,2023,8,3
ANO000734,2024-12-13,Beau Appartement Agadir,agadir,Hay Mohammadi,appartement,location,8780.6,130.11,2.0,2.0,0.0,2008.0,67.48597340711704,18.0,Economique,Moyen,2024,12,4
ANO000165,2023-07-31,Bureau à location - Agadir,agadir,Talborjt,bureau,location,4923.79,85.55,0.0,0.0,2.0,2022.0,57.554529514903564,4.0,Economique,Moyen,2023,7,3
ANO000667,2024-05-11,Terrain à vente - Fès,fès,Medina,terrain,vente,751079.91,210.61,0.0,0.0,0.0,1989.0,3566.2120032287166,37.0,Moyen,Grand,2024,5,2
ANO000959,2024-07-11,Beau Appartement Marrakech,marrakech,Medina,appartement,vente,546272.93,62.26,2.0,1.0,1.0,2002.0,8774.059267587538,24.0,Moyen,Petit,2024,7,3
ANO000626,2024-12-24,Appartement 70m² Zouagha,fès,Zouagha,appartement,vente,2558273.52,70.95,1.0,1.0,5.0,1996.0,36057.41395348837,30.0,Haut Standing,Petit,2024,12,4
ANO001451,1900-01-01,Bureau 121m² Maarif,casablanca,Maarif,bureau,vente,80000000.0,121.9,0.0,0.0,5.0,1996.0,656275.6357670221,30.0,Luxe,Moyen,1900,1,1
ANO000711,2024-07-18,Appartement 85m² Centre,oujda,Centre,appartement,vente,2175390.3,85.49,1.0,1.0,0.0,2015.0,25446.137559948533,11.0,Haut Standing,Moyen,2024,7,3
ANO000832,2024-06-04,Duplex 87m² Ain Diab,casablanca,Ain Diab,duplex,location,10664.72,87.17,2.0,1.0,5.0,2012.0,122.34392566249856,14.0,Economique,Moyen,2024,6,2
ANO000718,2023-12-11,Appartement à vente - Marrakech,marrakech,Inconnu,appartement,vente,749376.42,3000.0,2.0,1.0,10.0,2011.0,249.79214000000002,15.0,Moyen,Grand,2023,12,4
ANO000536,2024-07-06,Beau Appartement Kenitra,kenitra,Centre,appartement,location,1742.4,88.07,2.0,1.0,5.0,2008.0,19.784262518451236,18.0,Economique,Moyen,2024,7,3
ANO000002,2023-06-13,Appartement à location - Meknès,meknès,Hamria,appartement,location,2931.05,79.15,2.0,1.0,4.0,2008.0,37.03158559696778,18.0,Economique,Petit,2023,6,2
ANO000911,2024-07-25,Villa moderne Kenitra,kenitra,Centre,villa,location,11261.75,384.8,6.0,4.0,0.0,2014.0,29.266502079002077,12.0,Economique,Grand,2024,7,3
ANO000217,2024-12-06,Beau Villa Casablanca,casablanca,Inconnu,villa,vente,5653598.2,305.7,4.0,3.0,0.0,2024.0,18493.942427216225,2.0,Luxe,Grand,2024,12,4
ANO001372,2023-06-22,Villa à vente - Marrakech,marrakech,Hivernage,villa,vente,3704307.89,12.0,3.0,1.0,0.0,2007.0,308692.32416666666,19.0,Luxe,Petit,2023,6,2
ANO000782,2023-02-18,Appartement 31m² Marrakech,marrakech,Inconnu,appartement,location,1947.5,31.17,2.0,1.0,1.0,2018.0,62.47994866859159,8.0,Economique,Petit,2023,2,1
ANO000886,1900-01-01,Bureau moderne Kenitra,kenitra,Inconnu,bureau,vente,1541810.09,76.32,0.0,0.0,2.0,2017.0,20201.91417714885,9.0,Haut Standing,Petit,1900,1,1
ANO001018,2024-04-28,Villa à vente - Marrakech,marrakech,Targa,villa,vente,1845279.5,226.92,5.0,3.0,0.0,2003.0,8131.8504318702635,23.0,Haut Standing,Grand,2024,4,2
ANO001480,2024-06-26,Beau Appartement Kenitra,kenitra,Centre,appartement,vente,1890982.11,76.49,1.0,1.0,2.0,2014.0,24721.952019871882,12.0,Haut Standing,Petit,2024,6,2
ANO000060,2023-06-11,Appartement moderne Tétouan,tétouan,M'diq,appartement,vente,724424.09,78.38,2.0,1.0,1.0,2024.0,9242.460959428427,2.0,Moyen,Petit,2023,6,2
ANO001117,2023-05-12,Beau Appartement Tanger,tanger,Inconnu,appartement,vente,2271572.52,81.58,1.0,1.0,4.0,2005.0,27844.723216474627,21.0,Haut Standing,Moyen,2023,5,2
ANO000543,2024-06-15,Duplex moderne Tanger,tanger,Centre Ville,duplex,location,6126.43,214.05,3.0,1.0,5.0,2008.0,28.62149030600327,18.0,Economique,Grand,2024,6,2
ANO001140,2024-11-16,Beau Appartement Marrakech,marrakech,Hivernage,appartement,vente,574936.3,52.68,1.0,1.0,3.0,2005.0,10913.749050873197,21.0,Moyen,Petit,2024,11,4
ANO001217,2024-04-24,Appartement moderne Fès,fès,Medina,appartement,vente,643944.85,74.22,1.0,1.0,3.0,2006.0,8676.163433036918,20.0,Moyen,Petit,2024,4,2
ANO001361,2023-03-11,Appartement 67m² Anfa,casablanca,Anfa,appartement,vente,626039.32,67.55,3.0,1.0,1.0,2024.0,9267.791561806069,2.0,Moyen,Petit,2023,3,1
ANO000124,2023-03-28,Appartement 85m² Hivernage,marrakech,Hivernage,appartement,vente,457238.83,85.61,1.0,1.0,1.0,2013.0,5340.95117392828,13.0,Economique,Moyen,2023,3,1
ANO000615,2023-11-16,Appartement 87m² Malabata,tanger,Malabata,appartement,vente,484153.01,87.32,3.0,1.0,2.0,2011.0,5544.5832569858,15.0,Economique,Moyen,2023,11,4
ANO000861,2023-01-18,Bureau moderne Oujda,oujda,Hay Qods,bureau,vente,1348842.19,135.57,3.0,0.0,6.0,2009.0,9949.414988566792,17.0,Moyen,Moyen,2023,1,1
ANO000929,2024-07-17,Bureau 105m² Zouagha,fès,Zouagha,bureau,vente,1005118.83,105.92,0.0,0.0,1.0,1988.0,9489.414935800603,38.0,Moyen,Moyen,2024,7,3
ANO000208,2024-08-22,Beau Villa Agadir,agadir,Inconnu,villa,vente,6707202.54,400.56,4.0,2.0,0.0,2020.0,16744.56396045536,6.0,Luxe,Grand,2024,8,3
ANO000555,2023-10-12,Beau Appartement Marrakech,marrakech,Inconnu,appartement,vente,295377.41,69.8,3.0,2.0,5.0,2020.0,4231.768051575931,6.0,Economique,Petit,2023,10,4
ANO000274,2023-08-31,Villa 208m² Kenitra,kenitra,Inconnu,villa,vente,2732740.19,208.62,4.0,2.0,0.0,2021.0,13099.128511168632,5.0,Haut Standing,Grand,2023,8,3
ANO000504,2024-12-30,Beau Appartement Fès,fès,Inconnu,appartement,location,2909.21,56.46,3.0,1.0,3.0,2008.0,51.52692171448813,18.0,Economique,Petit,2024,12,4
ANO000046,2023-01-10,Beau Villa Oujda,oujda,Inconnu,villa,vente,8324901.61,187.34,6.0,4.0,0.0,2007.0,44437.395163873174,19.0,Luxe,Grand,2023,1,1
ANO000625,2023-08-18,Appartement 104m² Centre Ville,tanger,Centre Ville,appartement,location,2052.14,104.49,3.0,2.0,2.0,2020.0,19.63958273518997,6.0,Economique,Moyen,2023,8,3
ANO000772,2024-12-08,Beau Villa Casablanca,casablanca,Maarif,villa,location,9795.49,303.27,4.0,3.0,0.0,2006.0,32.29956804167903,20.0,Economique,Grand,2024,12,4
ANO001267,2023-05-05,Villa moderne Kenitra,kenitra,Inconnu,villa,vente,1703320.65,168.73,4.0,3.0,0.0,1998.0,10094.948438333433,28.0,Haut Standing,Grand,2023,5,2
ANO001251,1900-01-01,Appartement 93m² Hay Riad,rabat,Hay Riad,appartement,vente,479688.68,93.23,2.0,2.0,4.0,2018.0,5145.218062855304,8.0,Economique,Moyen,1900,1,1
ANO000221,2024-10-08,Appartement moderne Marrakech,marrakech,Medina,appartement,vente,481160.56,71.33,2.0,2.0,4.0,2009.0,6745.556708257395,17.0,Economique,Petit,2024,10,4
ANO000792,2024-04-17,Appartement 112m² Hay Qods,oujda,Hay Qods,appartement,vente,610213.93,112.93,3.0,1.0,1.0,2021.0,5403.470556982202,5.0,Moyen,Moyen,2024,4,2
ANO001049,2023-06-26,Appartement à vente - Casablanca,casablanca,Anfa,appartement,vente,601871.55,96.75,2.0,2.0,1.0,2008.0,6220.894573643412,18.0,Moyen,Moyen,2023,6,2
ANO000342,2023-06-22,Bureau moderne Kenitra,kenitra,Inconnu,bureau,vente,2056908.14,189.1,0.0,0.0,2.0,2013.0,10877.356636700159,13.0,Haut Standing,Grand,2023,6,2
ANO001429,2024-07-15,Beau Appartement Tanger,tanger,Iberia,appartement,location,1826.04,90.08,3.0,2.0,0.0,2006.0,20.27131438721137,20.0,Economique,Moyen,2024,7,3
ANO001074,2024-01-26,Beau Duplex Marrakech,marrakech,Medina,duplex,vente,2232887.59,97.49,2.0,2.0,2.0,2016.0,22903.76028310596,10.0,Haut Standing,Moyen,2024,1,1
ANO000380,2023-05-11,Appartement moderne Casablanca,casablanca,Non spécifié,appartement,vente,402687.06,99.94,3.0,1.0,0.0,2010.0,4029.288172903742,16.0,Economique,Moyen,2023,5,2
ANO000907,2024-05-10,Appartement 88m² Gueliz,marrakech,Gueliz,appartement,vente,478917.29,88.09,1.0,1.0,4.0,2024.0,5436.681689181519,2.0,Economique,Moyen,2024,5,2
ANO001048,2024-09-24,Villa 242m² Non spécifié,casablanca,Non spécifié,villa,vente,2809158.87,242.07,4.0,3.0,0.0,1990.0,11604.737761804437,36.0,Haut Standing,Grand,2024,9,3
ANO000622,2023-06-14,Beau Villa Tanger,tanger,Iberia,villa,location,13508.81,354.35,3.0,1.0,0.0,1996.0,38.122788203753345,30.0,Economique,Grand,2023,6,2
ANO001064,2024-08-09,Terrain moderne Meknès,meknès,Inconnu,inconnu,vente,1348886.06,250.84,0.0,0.0,0.0,2015.0,5377.4759209057565,11.0,Moyen,Grand,2024,8,3
ANO000761,2023-04-17,Appartement à location - Agadir,agadir,Centre,appartement,location,5238.71,68.06,2.0,2.0,4.0,2019.0,76.97193652659418,7.0,Economique,Petit,2023,4,2
ANO000047,2023-10-30,Appartement 54m² Casablanca,casablanca,Inconnu,appartement,vente,647622.07,54.23,3.0,2.0,4.0,2003.0,11942.13664023603,23.0,Moyen,Petit,2023,10,4
ANO000327,2024-03-20,Villa à vente - Tétouan,tétouan,Centre,villa,vente,1408048.59,310.83,4.0,3.0,0.0,2016.0,4529.963613550816,10.0,Moyen,Grand,2024,3,1
ANO001057,2023-06-22,Terrain à location - Tanger,tanger,Inconnu,terrain,location,3084.05,250.08,0.0,0.0,0.0,2002.0,12.332253678822777,24.0,Economique,Grand,2023,6,2
ANO000785,2023-02-24,Terrain moderne Tanger,tanger,Iberia,terrain,vente,1005070.8,136.09,3.0,0.0,1.0,2019.0,7385.339113821736,7.0,Moyen,Moyen,2023,2,1
ANO001250,1900-01-01,Appartement à vente - Casablanca,casablanca,Californie,appartement,vente,571417.2,120.72,2.0,1.0,1.0,1977.0,4733.409542743539,49.0,Moyen,Moyen,1900,1,1
ANO000325,2023-10-22,Beau Terrain Agadir,agadir,Inconnu,terrain,vente,1052193.06,221.69,0.0,0.0,1.0,2006.0,4746.236005232532,20.0,Moyen,Grand,2023,10,4
ANO000203,2023-05-02,Villa 150m² Iberia,tanger,Iberia,villa,vente,1813105.4,150.43,3.0,2.0,1.0,1995.0,12052.817921957056,31.0,Haut Standing,Grand,2023,5,2
ANO001230,2024-10-16,Appartement moderne Oujda,oujda,Inconnu,appartement,vente,581773.04,116.88,3.0,1.0,0.0,2008.0,4977.524298425737,18.0,Moyen,Moyen,2024,10,4
ANO001405,2024-09-28,Villa moderne Marrakech,marrakech,Targa,villa,vente,2598921.89,101.25,4.0,2.0,0.0,2008.0,25668.364345679012,18.0,Haut Standing,Moyen,2024,9,3
ANO001095,2023-02-28,Beau Terrain Kenitra,kenitra,Inconnu,terrain,location,617.14,405.17,0.0,0.0,0.0,1997.0,1.52316311671644,29.0,Economique,Grand,2023,2,1
ANO000006,2024-01-26,Appartement moderne Tétouan,tétouan,Inconnu,inconnu,vente,1775084.99,59.68,3.0,2.0,0.0,2012.0,29743.381199731903,14.0,Haut Standing,Petit,2024,1,1
ANO000296,2023-06-02,Duplex moderne Tétouan,tétouan,M'diq,duplex,vente,2908024.4,179.2,2.0,2.0,1.0,2007.0,16227.814732142857,19.0,Haut Standing,Grand,2023,6,2
ANO001103,2023-11-20,Villa à vente - Meknès,meknès,Ville Nouvelle,villa,vente,2466003.1,278.93,4.0,3.0,0.0,2024.0,8840.938945255082,2.0,Haut Standing,Grand,2023,11,4
ANO001331,2024-01-28,Appartement 73m² Oujda,oujda,Inconnu,appartement,vente,347298.04,73.22,2.0,1.0,2.0,1994.0,4743.212783392515,32.0,Economique,Petit,2024,1,1
ANO001472,2024-04-08,Appartement 90m² Centre,oujda,Centre,appartement,vente,250232.68,90.01,2.0,2.0,1.0,2014.0,2780.0542161982,12.0,Economique,Moyen,2024,4,2
ANO001066,2023-03-13,Bureau à vente - Meknès,meknès,Inconnu,bureau,vente,447995.99,148.51,0.0,0.0,2.0,1994.0,3016.6048750925866,32.0,Economique,Moyen,2023,3,1
ANO000472,2024-03-05,Terrain à location - Oujda,oujda,Inconnu,terrain,location,5798.0,222.78,0.0,0.0,1.0,2017.0,26.02567555435856,9.0,Economique,Grand,2024,3,1
ANO001364,2023-12-28,Duplex 95m² Hivernage,marrakech,Hivernage,duplex,vente,60000000.0,95.07,4.0,3.0,8.0,2021.0,631113.9160618492,5.0,Luxe,Moyen,2023,12,4
ANO000762,2023-01-24,Beau Appartement Rabat,rabat,Hay Riad,appartement,vente,432260.14,73.39,2.0,1.0,4.0,2006.0,5889.9051641913065,20.0,Economique,Petit,2023,1,1
ANO000692,1900-01-01,Villa moderne Oujda,oujda,Centre,villa,vente,6295973.56,200.59,4.0,2.0,0.0,2007.0,31387.275337753625,19.0,Luxe,Grand,1900,1,1
ANO000287,2023-12-14,Appartement à vente - Casablanca,casablanca,Maarif,appartement,inconnu,483733.23,100.82,3.0,1.0,6.0,2003.0,4797.988791906368,23.0,Economique,Moyen,2023,12,4
ANO000211,2024-09-05,Beau Villa Kenitra,kenitra,Centre,villa,vente,1353767.69,372.36,3.0,2.0,0.0,2008.0,3635.6420936727895,18.0,Moyen,Grand,2024,9,3
ANO000199,2023-03-19,Beau Terrain Casablanca,casablanca,Maarif,terrain,vente,1111261.98,238.8,0.0,0.0,0.0,1995.0,4653.525879396984,31.0,Moyen,Grand,2023,3,1
ANO001069,2024-06-08,Terrain à vente - Agadir,agadir,Hay Mohammadi,terrain,vente,514305.09,218.76,0.0,0.0,0.0,2003.0,2351.001508502469,23.0,Moyen,Grand,2024,6,2
ANO001220,2023-10-14,Bureau 126m² Tanger,tanger,Inconnu,bureau,vente,365408.94,126.42,0.0,0.0,3.0,2024.0,2890.43616516374,2.0,Economique,Moyen,2023,10,4
ANO000261,2023-12-29,Terrain moderne Rabat,rabat,Hay Riad,terrain,vente,853310.3,139.76,0.0,0.0,0.0,2005.0,6105.540211791644,21.0,Moyen,Moyen,2023,12,4
ANO000798,2023-06-27,Terrain moderne Fès,fès,Medina,terrain,inconnu,521146.74,120.42,0.0,0.0,1.0,1990.0,4327.74240159442,36.0,Moyen,Moyen,2023,6,2
ANO001008,2023-09-22,Duplex à vente - Agadir,agadir,Talborjt,duplex,vente,1522103.18,129.43,3.0,2.0,6.0,2019.0,11760.049293054159,7.0,Haut Standing,Moyen,2023,9,3
ANO000169,2023-12-10,Villa à vente - Rabat,rabat,Hassan,villa,vente,5024036.15,211.03,3.0,3.0,0.0,1991.0,23807.212955503957,35.0,Luxe,Grand,2023,12,4
ANO001183,2024-08-24,Beau Villa Kenitra,kenitra,Centre,villa,vente,2543532.9,367.32,3.0,2.0,0.0,2001.0,6924.569585102908,25.0,Haut Standing,Grand,2024,8,3
ANO000334,1900-01-01,Appartement 119m² Marrakech,marrakech,Inconnu,appartement,vente,2229033.11,119.98,3.0,1.0,3.0,2017.0,18578.372312052008,9.0,Haut Standing,Moyen,1900,1,1
ANO000614,2024-09-25,Villa moderne Tanger,tanger,Centre Ville,villa,location,8383.77,239.72,6.0,1.0,0.0,1994.0,34.973177039879864,32.0,Economique,Grand,2024,9,3
ANO000650,2023-10-24,Bureau moderne Agadir,agadir,Hay Mohammadi,bureau,vente,1188294.87,165.04,0.0,0.0,2.0,2009.0,7200.04162627242,17.0,Moyen,Grand,2023,10,4
ANO001088,2023-03-20,Beau Appartement Tétouan,tétouan,Inconnu,appartement,location,2222.08,62.38,2.0,1.0,1.0,2019.0,35.621673613337606,7.0,Economique,Petit,2023,3,1
ANO000986,2024-04-26,Duplex 196m² Hay Qods,oujda,Hay Qods,duplex,vente,2848417.92,196.61,3.0,2.0,1.0,2008.0,14487.655358323584,18.0,Haut Standing,Grand,2024,4,2
ANO001492,2024-04-24,Terrain 401m² Ville Nouvelle,fès,Ville Nouvelle,terrain,vente,963266.11,401.5,0.0,0.0,0.0,2007.0,2399.168393524284,19.0,Moyen,Grand,2024,4,2
ANO001416,2024-02-04,Appartement à location - Tanger,tanger,Malabata,appartement,location,5531.01,89.11,1.0,1.0,0.0,2024.0,62.069464706542476,2.0,Economique,Moyen,2024,2,1
ANO000339,2024-11-17,Beau Appartement Tétouan,tétouan,Centre,appartement,vente,758315.66,89.95,1.0,1.0,3.0,2004.0,8430.41311839911,22.0,Moyen,Moyen,2024,11,4
ANO000114,2024-01-20,Villa moderne Meknès,meknès,Inconnu,villa,inconnu,5154413.17,184.22,3.0,1.0,0.0,2011.0,27979.661111714253,15.0,Luxe,Grand,2024,1,1
ANO000550,2024-11-23,Villa moderne Agadir,agadir,Centre,villa,vente,2692865.0,344.99,6.0,4.0,1.0,2024.0,7805.6320473057185,2.0,Haut Standing,Grand,2024,11,4
ANO001454,2024-10-25,Beau Villa Oujda,oujda,Inconnu,villa,location,28081.32,274.59,4.0,3.0,0.0,2003.0,102.26636075603628,23.0,Economique,Grand,2024,10,4
ANO001268,2023-12-12,Villa 152m² M'diq,tétouan,M'diq,villa,vente,3599593.34,152.62,5.0,2.0,0.0,2011.0,23585.331804481717,15.0,Luxe,Grand,2023,12,4
ANO000819,2023-03-18,Appartement à vente - Marrakech,marrakech,Gueliz,appartement,vente,631846.25,122.18,1.0,1.0,2.0,2005.0,5171.437633000491,21.0,Moyen,Moyen,2023,3,1
ANO000677,2023-01-23,Appartement moderne Agadir,agadir,Talborjt,appartement,vente,2083863.77,72.71,2.0,1.0,6.0,2016.0,28659.933571723286,10.0,Haut Standing,Petit,2023,1,1
ANO000809,2024-05-19,Appartement moderne Tanger,tanger,Inconnu,appartement,location,1465.07,97.86,3.0,1.0,0.0,2014.0,14.971081136317187,12.0,Economique,Moyen,2024,5,2
ANO001188,2023-05-05,Appartement 30m² Malabata,tanger,Malabata,appartement,location,180.0,30.25,1.0,1.0,1.0,2019.0,5.950413223140496,7.0,Economique,Petit,2023,5,2
ANO000503,2024-11-26,Villa 326m² Medina,fès,Medina,villa,vente,2548193.72,326.42,3.0,2.0,0.0,2001.0,7806.487715213529,25.0,Haut Standing,Grand,2024,11,4
ANO000899,2023-07-27,Appartement moderne Casablanca,casablanca,Californie,appartement,location,2360.25,120.78,1.0,1.0,1.0,2016.0,19.54172876304024,10.0,Economique,Moyen,2023,7,3
ANO000871,2023-02-03,Beau Appartement Oujda,oujda,Inconnu,appartement,vente,2260608.8,56.56,4.0,3.0,3.0,2008.0,39968.330975954734,18.0,Haut Standing,Petit,2023,2,1
ANO000240,2024-10-09,Appartement à vente - Meknès,meknès,Hamria,appartement,vente,568036.21,75.91,3.0,2.0,4.0,2008.0,7483.022131471479,18.0,Moyen,Petit,2024,10,4
ANO000189,2024-06-10,Appartement à vente - Rabat,rabat,Souissi,appartement,vente,694145.67,3000.0,3.0,1.0,6.0,2008.0,231.38189000000003,18.0,Moyen,Grand,2024,6,2
ANO001169,2024-08-28,Appartement à vente - Rabat,rabat,Ocean,appartement,vente,1799286.32,50.69,3.0,1.0,5.0,2004.0,35495.88321167883,22.0,Haut Standing,Petit,2024,8,3
ANO001400,2024-10-13,Appartement à vente - Tétouan,tétouan,Inconnu,appartement,vente,45000.0,15.0,1.0,1.0,4.0,2014.0,3000.0,12.0,Economique,Petit,2024,10,4
ANO000146,2024-08-10,Appartement 125m² Ville Nouvelle,meknès,Ville Nouvelle,appartement,vente,558891.37,125.72,2.0,1.0,0.0,1998.0,4445.524737511932,28.0,Moyen,Moyen,2024,8,3
ANO000601,2023-06-05,Appartement 83m² Zouagha,fès,Zouagha,appartement,location,11041.91,83.48,2.0,2.0,0.0,1989.0,132.2701245807379,37.0,Economique,Moyen,2023,6,2
ANO000539,2024-06-12,Villa moderne Tanger,tanger,Inconnu,villa,vente,2109760.04,505.45,4.0,3.0,0.0,2012.0,4174.0232268275795,14.0,Haut Standing,Grand,2024,6,2
ANO001357,1900-01-01,Duplex moderne Meknès,meknès,Ville Nouvelle,duplex,vente,1086460.52,202.7,4.0,3.0,1.0,2014.0,5359.943364578195,12.0,Moyen,Grand,1900,1,1
ANO000794,2024-01-19,Beau Appartement Agadir,agadir,Inconnu,appartement,vente,581233.66,60.91,2.0,1.0,4.0,2002.0,9542.49975373502,24.0,Moyen,Petit,2024,1,1
ANO001483,2023-09-16,Bureau à vente - Rabat,rabat,Hassan,bureau,vente,848694.7,124.0,0.0,0.0,1.0,2007.0,6844.312096774193,19.0,Moyen,Moyen,2023,9,3
ANO000433,2024-05-16,Beau Villa Rabat,rabat,Inconnu,villa,vente,2659538.24,226.78,4.0,2.0,0.0,2004.0,11727.393244554194,22.0,Haut Standing,Grand,2024,5,2
ANO000770,2023-06-07,Appartement à vente - Oujda,oujda,Centre,appartement,vente,528016.41,98.36,3.0,1.0,2.0,2017.0,5368.202623017487,9.0,Moyen,Moyen,2023,6,2
ANO000323,1900-01-01,Beau Appartement Meknès,meknès,Inconnu,appartement,vente,468832.92,130.02,3.0,1.0,1.0,2009.0,3605.8523304107057,17.0,Economique,Moyen,1900,1,1
ANO000991,2023-03-13,Duplex 146m² M'diq,tétouan,M'diq,duplex,vente,80000000.0,146.57,3.0,2.0,3.0,2008.0,545814.2866889541,18.0,Luxe,Moyen,2023,3,1
ANO001386,2023-09-12,Beau Villa Rabat,rabat,Inconnu,villa,vente,30000.0,292.12,4.0,3.0,0.0,1992.0,102.69752156647952,34.0,Economique,Grand,2023,9,3
ANO001430,1900-01-01,Appartement 122m² Hivernage,marrakech,Hivernage,appartement,vente,2074275.43,122.73,2.0,1.0,1.0,2014.0,16901.12792308319,12.0,Haut Standing,Moyen,1900,1,1
ANO001493,2023-04-28,Duplex moderne Tétouan,tétouan,Centre,duplex,location,6093.19,187.83,3.0,1.0,8.0,2008.0,32.43991907575999,18.0,Economique,Grand,2023,4,2
ANO001005,2023-09-26,Beau Appartement Fès,fès,Inconnu,appartement,location,1582.16,50.07,4.0,3.0,0.0,2008.0,31.598961453964453,18.0,Economique,Petit,2023,9,3
ANO000925,2023-02-18,Appartement 46m² M'diq,tétouan,M'diq,inconnu,location,7717.16,46.28,3.0,2.0,0.0,2008.0,166.74935177182368,18.0,Economique,Petit,2023,2,1
ANO001476,2023-10-09,Villa à vente - Casablanca,casablanca,Maarif,villa,vente,1633607.52,278.03,3.0,1.0,0.0,1987.0,5875.651980002159,39.0,Haut Standing,Grand,2023,10,4
ANO000492,2023-03-18,Beau Appartement Oujda,oujda,Inconnu,appartement,location,2207.05,65.38,2.0,2.0,4.0,2015.0,33.75726521872133,11.0,Economique,Petit,2023,3,1
ANO000082,2024-08-11,Appartement à vente - Rabat,rabat,Inconnu,appartement,vente,653890.62,54.99,2.0,1.0,2.0,1994.0,11891.082378614294,32.0,Moyen,Petit,2024,8,3
ANO001437,2023-07-13,Appartement moderne Meknès,meknès,Inconnu,appartement,location,2105.48,73.39,2.0,1.0,6.0,2010.0,28.688922196484533,16.0,Economique,Petit,2023,7,3
ANO000538,2024-12-23,Villa 12m² Kenitra,kenitra,Inconnu,villa,location,5673.62,12.0,4.0,2.0,0.0,2009.0,472.8016666666667,17.0,Economique,Petit,2024,12,4
ANO001216,1900-01-01,Villa moderne Rabat,rabat,Inconnu,villa,vente,4328930.32,270.69,3.0,1.0,0.0,2003.0,15992.206287635303,23.0,Luxe,Grand,1900,1,1
ANO000149,2023-11-22,Beau Villa Fès,fès,Ville Nouvelle,villa,vente,1547765.25,303.57,5.0,1.0,0.0,2005.0,5098.54481668149,21.0,Haut Standing,Grand,2023,11,4
ANO000787,2024-07-10,Appartement à location - Fès,fès,Zouagha,appartement,location,5158.02,95.22,2.0,2.0,2.0,1984.0,54.169502205419036,42.0,Economique,Moyen,2024,7,3
ANO001185,2024-04-14,Appartement 147m² Talborjt,agadir,Talborjt,appartement,location,2366.42,147.79,2.0,1.0,10.0,1995.0,16.012044116652007,31.0,Economique,Moyen,2024,4,2
ANO001206,2024-10-16,Appartement moderne Casablanca,casablanca,Hay Mohammadi,appartement,vente,638156.51,60.35,1.0,1.0,0.0,1995.0,10574.258657829329,31.0,Moyen,Petit,2024,10,4
ANO000860,2023-08-29,Villa 272m² Hay Essalam,kenitra,Hay Essalam,villa,vente,2698429.39,272.45,4.0,2.0,1.0,2008.0,9904.31047898697,18.0,Haut Standing,Grand,2023,8,3
ANO001015,2024-06-24,Appartement moderne Meknès,meknès,Ville Nouvelle,appartement,location,1918.46,90.61,1.0,1.0,0.0,2008.0,21.172718243019535,18.0,Economique,Moyen,2024,6,2
ANO001271,2023-06-22,Beau Appartement Agadir,agadir,Centre,appartement,location,1722.95,95.5,3.0,2.0,1.0,2003.0,18.0413612565445,23.0,Economique,Moyen,2023,6,2
ANO000934,2024-05-14,Appartement 89m² Hivernage,marrakech,Hivernage,appartement,location,8481.77,89.6,3.0,1.0,0.0,2024.0,94.66261160714286,2.0,Economique,Moyen,2024,5,2
ANO000866,2023-05-22,Appartement moderne Oujda,oujda,Inconnu,appartement,vente,280373.28,69.83,1.0,1.0,1.0,2008.0,4015.083488472004,18.0,Economique,Petit,2023,5,2
ANO000468,2024-08-05,Appartement moderne Oujda,oujda,Hay Qods,appartement,vente,614398.33,114.64,3.0,1.0,4.0,2015.0,5359.371336357292,11.0,Moyen,Moyen,2024,8,3
ANO001221,2023-01-14,Beau Villa Rabat,rabat,Agdal,villa,vente,2019980.37,191.75,4.0,2.0,0.0,2005.0,10534.44782268579,21.0,Haut Standing,Grand,2023,1,1
ANO001341,2024-11-18,Beau Villa Marrakech,marrakech,Medina,villa,location,13139.87,136.11,4.0,2.0,0.0,1995.0,96.53860847843656,31.0,Economique,Moyen,2024,11,4
ANO000244,2024-12-12,Beau Appartement Casablanca,casablanca,Maarif,appartement,vente,456603.43,89.9,2.0,1.0,2.0,1985.0,5079.014794215795,41.0,Economique,Moyen,2024,12,4
ANO000390,2024-08-20,Appartement à vente - Casablanca,casablanca,Hay Mohammadi,appartement,vente,617669.09,99.87,2.0,1.0,1.0,2012.0,6184.731050365474,14.0,Moyen,Moyen,2024,8,3
ANO001428,2024-01-12,Villa moderne Fès,fès,Zouagha,villa,vente,3732174.87,342.75,4.0,3.0,0.0,2014.0,10888.912822757113,12.0,Luxe,Grand,2024,1,1
ANO000107,1900-01-01,Appartement moderne Kenitra,kenitra,Hay Essalam,appartement,vente,588899.96,81.75,3.0,1.0,1.0,2010.0,7203.669235474005,16.0,Moyen,Moyen,1900,1,1
ANO000659,2024-11-30,Appartement à vente - Agadir,agadir,Hay Mohammadi,appartement,vente,547754.95,75.29,3.0,2.0,0.0,2018.0,7275.268295922432,8.0,Moyen,Petit,2024,11,4
ANO000590,2023-05-16,Appartement à vente - Kenitra,kenitra,Centre,appartement,vente,528893.7,88.08,3.0,1.0,0.0,2008.0,6004.696866485013,18.0,Moyen,Moyen,2023,5,2
ANO000591,2024-03-16,Terrain à vente - Rabat,rabat,Souissi,terrain,vente,813080.73,503.41,0.0,0.0,0.0,1990.0,1615.1461631671996,36.0,Moyen,Grand,2024,3,1
ANO000192,2024-10-29,Bureau 153m² Malabata,tanger,Malabata,bureau,vente,1112359.79,153.18,18.0,0.0,3.0,1992.0,7261.782151716934,34.0,Moyen,Grand,2024,10,4
ANO001399,2023-03-25,Villa à vente - Casablanca,casablanca,Inconnu,villa,vente,2419605.19,210.33,3.0,1.0,0.0,2016.0,11503.851994484856,10.0,Haut Standing,Grand,2023,3,1
ANO000118,2024-01-09,Beau Villa Rabat,rabat,Hassan,villa,vente,8213034.33,318.61,4.0,3.0,1.0,1997.0,25777.704183798374,29.0,Luxe,Grand,2024,1,1
ANO001073,2024-01-30,Appartement 71m² Souissi,rabat,Souissi,appartement,vente,351205.22,71.89,2.0,1.0,3.0,1988.0,4885.313951870913,38.0,Economique,Petit,2024,1,1
ANO001259,2023-12-19,Duplex moderne Tétouan,tétouan,Inconnu,duplex,location,2949.44,173.58,2.0,1.0,0.0,1995.0,16.991819334024655,31.0,Economique,Grand,2023,12,4
ANO000412,2024-08-23,Appartement 64m² Talborjt,agadir,Talborjt,inconnu,vente,3031883.74,64.91,2.0,2.0,0.0,2023.0,46709.03928516408,3.0,Luxe,Petit,2024,8,3
ANO000800,2024-02-16,Villa moderne Marrakech,marrakech,Medina,villa,location,17976.26,266.58,5.0,3.0,0.0,2010.0,67.43289068947408,16.0,Economique,Grand,2024,2,1
ANO000353,2023-12-14,Villa moderne Tétouan,tétouan,Inconnu,villa,vente,2187222.96,343.82,5.0,3.0,0.0,2014.0,6361.534989238555,12.0,Haut Standing,Grand,2023,12,4
ANO000981,2023-09-03,Appartement à vente - Oujda,oujda,Hay Qods,appartement,vente,669588.46,73.34,2.0,1.0,1.0,2008.0,9129.921734387783,18.0,Moyen,Petit,2023,9,3
ANO001084,2024-07-12,Appartement moderne Casablanca,casablanca,Hay Mohammadi,appartement,vente,327051.83,100.08,20.0,13.0,2.0,2004.0,3267.9039768185453,22.0,Economique,Moyen,2024,7,3
ANO000510,2023-05-24,Beau Bureau Agadir,agadir,Centre,bureau,vente,1817297.41,100.45,0.0,0.0,2.0,2008.0,18091.562070681928,18.0,Haut Standing,Moyen,2023,5,2
ANO000774,2023-10-29,Beau Villa Casablanca,casablanca,Anfa,villa,location,17399.07,285.16,3.0,1.0,1.0,2011.0,61.01511432178425,15.0,Economique,Grand,2023,10,4
ANO000180,2024-10-18,Beau Appartement Meknès,meknès,Inconnu,appartement,vente,503853.33,110.16,3.0,2.0,1.0,2005.0,4573.83197167756,21.0,Moyen,Moyen,2024,10,4
ANO000351,2024-08-22,Appartement moderne Tanger,tanger,Inconnu,appartement,vente,474932.48,94.9,3.0,2.0,0.0,2013.0,5004.557218124341,13.0,Economique,Moyen,2024,8,3
ANO001443,2023-02-08,Appartement à location - Meknès,meknès,Ville Nouvelle,appartement,location,7047.14,107.51,1.0,1.0,1.0,2023.0,65.54869314482374,3.0,Economique,Moyen,2023,2,1
ANO000803,2024-07-22,Appartement 105m² Medina,marrakech,Medina,appartement,location,1576.2,105.74,4.0,3.0,8.0,2016.0,14.906374125212787,10.0,Economique,Moyen,2024,7,3
ANO000131,2024-03-14,Beau Bureau Tanger,tanger,Centre Ville,bureau,vente,840634.13,139.68,3.0,0.0,5.0,1999.0,6018.2855813287515,27.0,Moyen,Moyen,2024,3,1
ANO000698,2024-07-17,Beau Villa Tétouan,tétouan,Inconnu,villa,vente,2350237.18,299.78,4.0,1.0,0.0,2000.0,7839.873173660686,26.0,Haut Standing,Grand,2024,7,3
ANO000905,2024-06-01,Villa moderne Oujda,oujda,Inconnu,villa,vente,2449932.06,138.06,3.0,1.0,0.0,2012.0,17745.415471534117,14.0,Haut Standing,Moyen,2024,6,2
ANO000365,2023-05-26,Bureau à vente - Tétouan,tétouan,M'diq,bureau,vente,1491051.82,122.08,0.0,0.0,5.0,2015.0,12213.727228047183,11.0,Moyen,Moyen,2023,5,2
ANO000313,2024-09-03,Appartement 102m² Hay Essalam,kenitra,Hay Essalam,appartement,vente,1591506.87,102.71,3.0,1.0,0.0,2011.0,15495.150131438031,15.0,Haut Standing,Moyen,2024,9,3
ANO000747,2023-02-07,Beau Appartement Agadir,agadir,Inconnu,appartement,vente,501155.64,102.16,2.0,1.0,0.0,2010.0,4905.59553641347,16.0,Moyen,Moyen,2023,2,1
ANO000086,2023-06-13,Appartement 116m² Zouagha,fès,Zouagha,appartement,vente,1806306.37,116.67,2.0,2.0,2.0,1989.0,15482.183680466273,37.0,Haut Standing,Moyen,2023,6,2
ANO000359,1900-01-01,Beau Duplex Marrakech,marrakech,Gueliz,duplex,location,9591.04,125.31,4.0,3.0,5.0,1997.0,76.53850450881814,29.0,Economique,Moyen,1900,1,1
ANO000030,2024-01-06,Appartement 71m² Hay Qods,oujda,Hay Qods,appartement,vente,589450.13,71.76,3.0,2.0,1.0,2014.0,8214.187987736901,12.0,Moyen,Petit,2024,1,1
ANO000838,2024-05-06,Appartement 98m² Marrakech,marrakech,Inconnu,appartement,vente,615671.78,98.72,2.0,1.0,3.0,2007.0,6236.545583468396,19.0,Moyen,Moyen,2024,5,2
ANO000754,2023-07-02,Beau Appartement Casablanca,casablanca,Californie,appartement,location,2295.5,95.92,2.0,1.0,1.0,2008.0,23.9314011676397,18.0,Economique,Moyen,2023,7,3
ANO000839,2023-04-21,Bureau à vente - Tanger,tanger,Inconnu,bureau,vente,1149818.3,133.12,0.0,0.0,8.0,2010.0,8637.457181490385,16.0,Moyen,Moyen,2023,4,2
ANO000466,2023-12-16,Appartement moderne Oujda,oujda,Hay Qods,inconnu,vente,2073872.12,51.32,3.0,1.0,7.0,2002.0,40410.60249415433,24.0,Haut Standing,Petit,2023,12,4
ANO000875,2023-05-22,Appartement 120m² Centre,kenitra,Centre,appartement,vente,560059.2,120.26,3.0,2.0,8.0,2013.0,4657.069682354897,13.0,Moyen,Moyen,2023,5,2
ANO001010,2024-02-01,Duplex moderne Fès,fès,Inconnu,duplex,location,8278.12,124.51,4.0,3.0,1.0,2000.0,66.4855834872701,26.0,Economique,Moyen,2024,2,1
ANO000569,2023-10-19,Appartement à location - Agadir,agadir,Inconnu,appartement,location,2396.71,78.97,3.0,1.0,1.0,2015.0,30.349626440420415,11.0,Economique,Petit,2023,10,4
ANO001009,2023-11-13,Appartement 75m² Hay Qods,oujda,Hay Qods,appartement,vente,325631.0,75.29,2.0,1.0,4.0,2011.0,4325.023243458626,15.0,Economique,Petit,2023,11,4
ANO000278,2024-05-22,Villa à location - Meknès,meknès,Hamria,villa,location,6962.7,169.67,3.0,1.0,0.0,2003.0,41.036718335592624,23.0,Economique,Grand,2024,5,2
ANO000673,2024-01-12,Appartement 34m² Centre,kenitra,Centre,appartement,vente,518258.22,34.9,2.0,2.0,0.0,2015.0,14849.805730659025,11.0,Moyen,Petit,2024,1,1
ANO000218,2024-08-08,Terrain 267m² Hivernage,marrakech,Hivernage,terrain,location,4551.88,267.73,0.0,0.0,0.0,2001.0,17.00175549994397,25.0,Economique,Grand,2024,8,3
ANO000442,2024-03-20,Appartement 86m² Hay Qods,oujda,Hay Qods,appartement,vente,608380.2,86.61,2.0,2.0,10.0,1994.0,7024.364392102528,32.0,Moyen,Moyen,2024,3,1
ANO001494,2024-12-12,Appartement 55m² Tanger,tanger,Inconnu,appartement,vente,676466.99,55.14,3.0,2.0,0.0,2012.0,12268.171744649982,14.0,Moyen,Petit,2024,12,4
ANO000109,2023-02-04,Appartement moderne Rabat,rabat,Inconnu,inconnu,vente,429277.91,54.65,2.0,1.0,1.0,2017.0,7855.039524245197,9.0,Economique,Petit,2023,2,1
ANO000447,2024-04-04,Appartement à vente - Rabat,rabat,Agdal,appartement,vente,1844729.27,89.26,2.0,2.0,0.0,2002.0,20666.919896930314,24.0,Haut Standing,Moyen,2024,4,2
ANO000092,2024-12-07,Beau Villa Oujda,oujda,Hay Qods,villa,location,24061.4,171.48,4.0,3.0,0.0,2013.0,140.31607184511316,13.0,Economique,Grand,2024,12,4
ANO001323,2023-03-26,Beau Villa Tétouan,tétouan,Centre,villa,vente,2355555.0,98.83,5.0,2.0,0.0,2024.0,23834.412627744612,2.0,Haut Standing,Moyen,2023,3,1
ANO000874,2023-10-07,Appartement 102m² Kenitra,kenitra,Inconnu,appartement,vente,724698.68,102.61,3.0,1.0,3.0,2016.0,7062.651593411949,10.0,Moyen,Moyen,2023,10,4
ANO000393,2023-08-03,Appartement moderne Oujda,oujda,Inconnu,appartement,vente,1322817.27,82.54,2.0,2.0,1.0,2002.0,16026.378362006299,24.0,Moyen,Moyen,2023,8,3
ANO001326,2023-04-23,Appartement moderne Rabat,rabat,Inconnu,appartement,vente,572989.29,97.66,2.0,2.0,4.0,2021.0,5867.1850296948605,5.0,Moyen,Moyen,2023,4,2
ANO000332,2024-09-12,Villa 169m² Maarif,casablanca,Maarif,villa,location,7436.03,169.87,6.0,3.0,0.0,2008.0,43.77482780950138,18.0,Economique,Grand,2024,9,3
ANO001080,2024-03-20,Appartement 89m² Californie,casablanca,Californie,appartement,vente,399409.28,89.62,3.0,1.0,1.0,2008.0,4456.698058469092,18.0,Economique,Moyen,2024,3,1
ANO000101,2024-01-27,Appartement 70m² Hay Qods,oujda,Hay Qods,appartement,vente,450520.6,71.0,2.0,2.0,2.0,2015.0,6345.360563380282,11.0,Economique,Petit,2024,1,1
ANO001445,2024-07-26,Appartement moderne Marrakech,marrakech,Inconnu,appartement,vente,2301893.32,89.99,3.0,2.0,2.0,2013.0,25579.43460384487,13.0,Haut Standing,Moyen,2024,7,3
ANO001091,2023-02-10,Beau Villa Tanger,tanger,Inconnu,villa,vente,5676498.54,180.16,4.0,3.0,0.0,2017.0,31508.09580373002,9.0,Luxe,Grand,2023,2,1
ANO000631,2023-09-24,Duplex à vente - Meknès,meknès,Ville Nouvelle,duplex,inconnu,2127770.55,150.32,3.0,1.0,8.0,2006.0,14154.939795103777,20.0,Haut Standing,Grand,2023,9,3
ANO000549,2023-04-18,Appartement moderne Meknès,meknès,Ville Nouvelle,appartement,vente,422512.78,95.71,3.0,2.0,2.0,2008.0,4414.51029150559,18.0,Economique,Moyen,2023,4,2
ANO001406,2023-08-23,Beau Appartement Fès,fès,Medina,appartement,location,2468.0,131.42,3.0,1.0,7.0,2008.0,18.779485618627305,18.0,Economique,Moyen,2023,8,3
ANO000295,1900-01-01,Beau Duplex Tétouan,tétouan,Inconnu,duplex,location,6025.35,202.21,3.0,2.0,7.0,2015.0,29.797487760249247,11.0,Economique,Grand,1900,1,1
ANO001359,2023-09-15,Appartement 87m² Marrakech,marrakech,Inconnu,appartement,vente,496486.75,87.83,3.0,1.0,2.0,2007.0,5652.815097347148,19.0,Economique,Moyen,2023,9,3
ANO001387,2023-04-12,Appartement 87m² Meknès,meknès,Inconnu,appartement,vente,472020.77,87.1,2.0,1.0,5.0,2010.0,5419.297014925373,16.0,Economique,Moyen,2023,4,2
ANO001082,2024-08-11,Beau Terrain Oujda,oujda,Inconnu,terrain,vente,1117618.56,279.26,0.0,0.0,1.0,2016.0,4002.0717610828624,10.0,Moyen,Grand,2024,8,3
ANO001365,2023-03-21,Beau Villa Meknès,meknès,Inconnu,villa,vente,5829779.03,267.72,4.0,3.0,0.0,2019.0,21775.657515314506,7.0,Luxe,Grand,2023,3,1
ANO001475,2023-07-02,Appartement 108m² Tétouan,tétouan,Inconnu,appartement,vente,700648.43,108.65,2.0,2.0,6.0,2002.0,6448.673999079613,24.0,Moyen,Moyen,2023,7,3
ANO001261,2024-05-03,Beau Villa Agadir,agadir,Inconnu,villa,vente,2124839.77,223.86,3.0,2.0,1.0,2001.0,9491.824220494951,25.0,Haut Standing,Grand,2024,5,2
ANO000974,2023-01-15,Bureau moderne Fès,fès,Zouagha,bureau,vente,1718348.71,91.25,0.0,0.0,1.0,2011.0,18831.218739726028,15.0,Haut Standing,Moyen,2023,1,1
ANO001342,2024-08-05,Villa à vente - Casablanca,casablanca,Non spécifié,villa,vente,2591794.83,195.71,5.0,2.0,0.0,1995.0,13243.037300086862,31.0,Haut Standing,Grand,2024,8,3
ANO000204,2023-07-04,Duplex moderne Kenitra,kenitra,Inconnu,duplex,vente,2697626.59,182.72,4.0,2.0,7.0,2009.0,14763.718202714535,17.0,Haut Standing,Grand,2023,7,3
ANO000743,2024-05-06,Beau Appartement Tanger,tanger,Centre Ville,appartement,vente,720352.36,69.99,2.0,1.0,1.0,2008.0,10292.218316902416,18.0,Moyen,Petit,2024,5,2
ANO000989,2024-07-25,Duplex 137m² Hay Qods,oujda,Hay Qods,inconnu,location,10135.4,137.06,2.0,2.0,4.0,2008.0,73.94863563402889,18.0,Economique,Moyen,2024,7,3
ANO001041,2023-03-02,Appartement 69m² Rabat,rabat,Inconnu,appartement,vente,491972.62,69.7,2.0,2.0,4.0,2007.0,7058.430703012912,19.0,Economique,Petit,2023,3,1
ANO000577,2023-06-24,Beau Villa Meknès,meknès,Hamria,villa,vente,2383643.66,397.05,3.0,2.0,0.0,2008.0,6003.384107794988,18.0,Haut Standing,Grand,2023,6,2
ANO001052,2023-08-26,Villa à vente - Tétouan,tétouan,Centre,villa,vente,5437766.92,166.92,3.0,1.0,1.0,1996.0,32577.084351785288,30.0,Luxe,Grand,2023,8,3
ANO001424,1900-01-01,Beau Appartement Rabat,rabat,Inconnu,appartement,vente,661529.2,81.7,18.0,10.0,0.0,1992.0,8097.052631578947,34.0,Moyen,Moyen,1900,1,1
ANO000585,1900-01-01,Beau Appartement Oujda,oujda,Hay Qods,appartement,vente,471510.92,39.23,2.0,1.0,0.0,2014.0,12019.141473362224,12.0,Economique,Petit,1900,1,1
ANO000956,2023-05-27,Duplex moderne Tétouan,tétouan,Inconnu,duplex,vente,1615314.92,108.07,3.0,1.0,8.0,2002.0,14946.93180346072,24.0,Haut Standing,Moyen,2023,5,2
ANO000411,2024-11-28,Villa 140m² Marrakech,marrakech,Inconnu,villa,vente,1921254.11,140.42,5.0,2.0,0.0,2009.0,13682.197051702038,17.0,Haut Standing,Moyen,2024,11,4
ANO000778,2023-11-18,Appartement à vente - Tétouan,tétouan,Centre,appartement,vente,541408.09,47.05,3.0,1.0,3.0,2007.0,11507.079489904358,19.0,Moyen,Petit,2023,11,4
ANO001039,2023-01-01,Appartement à vente - Kenitra,kenitra,Hay Essalam,appartement,vente,2155591.49,91.29,3.0,1.0,1.0,2008.0,23612.56972286121,18.0,Haut Standing,Moyen,2023,1,1
ANO000726,1900-01-01,Beau Bureau Tanger,tanger,Iberia,bureau,location,8143.26,55.69,0.0,0.0,1.0,2008.0,146.2248159454121,18.0,Economique,Petit,1900,1,1
ANO000187,2023-10-01,Appartement moderne Marrakech,marrakech,Medina,appartement,vente,2157780.86,74.48,2.0,1.0,4.0,2012.0,28971.279001074112,14.0,Haut Standing,Petit,2023,10,4
ANO000011,2023-04-22,Appartement à vente - Tanger,tanger,Inconnu,appartement,vente,477795.21,131.31,3.0,1.0,0.0,2009.0,3638.6810600868175,17.0,Economique,Moyen,2023,4,2
ANO000600,2023-03-10,Terrain moderne Rabat,rabat,Ocean,terrain,vente,561192.24,429.12,0.0,0.0,0.0,2000.0,1307.7746085011186,26.0,Moyen,Grand,2023,3,1
ANO001197,2023-11-18,Appartement à vente - Meknès,meknès,Ville Nouvelle,appartement,vente,698750.08,75.09,3.0,2.0,5.0,2018.0,9305.501131974963,8.0,Moyen,Petit,2023,11,4
ANO001020,2024-07-16,Bureau 71m² Fès,fès,Inconnu,bureau,vente,60000000.0,71.91,0.0,0.0,1.0,1994.0,834376.3037129745,32.0,Luxe,Petit,2024,7,3
ANO000781,1900-01-01,Beau Bureau Casablanca,casablanca,Non spécifié,bureau,location,5918.13,136.84,0.0,0.0,2.0,2007.0,43.24853843905291,19.0,Economique,Moyen,1900,1,1
ANO000719,2024-11-13,Appartement moderne Tétouan,tétouan,M'diq,appartement,vente,398780.23,69.59,3.0,1.0,6.0,2008.0,5730.424342577956,18.0,Economique,Petit,2024,11,4
ANO001127,2024-06-10,Beau Appartement Agadir,agadir,Hay Mohammadi,appartement,location,2442.86,66.79,3.0,2.0,4.0,2024.0,36.57523581374457,2.0,Economique,Petit,2024,6,2
ANO000346,2024-01-13,Appartement à vente - Tétouan,tétouan,Inconnu,appartement,vente,738878.41,54.36,3.0,2.0,1.0,1998.0,13592.318064753495,28.0,Moyen,Petit,2024,1,1
ANO000737,2024-01-05,Appartement à location - Meknès,meknès,Ville Nouvelle,appartement,location,7499.11,84.98,2.0,1.0,3.0,1999.0,88.24558719698751,27.0,Economique,Moyen,2024,1,1
ANO000736,2024-12-08,Beau Villa Kenitra,kenitra,Inconnu,villa,vente,2436203.14,368.73,5.0,1.0,0.0,2008.0,6607.01092940634,18.0,Haut Standing,Grand,2024,12,4
ANO000575,2024-08-10,Appartement moderne Oujda,oujda,Hay Qods,appartement,vente,638657.26,100.38,2.0,2.0,1.0,2002.0,6362.395497110979,24.0,Moyen,Moyen,2024,8,3
ANO000384,2023-12-10,Appartement 60m² M'diq,tétouan,M'diq,appartement,vente,1661215.46,60.22,1.0,1.0,2.0,1992.0,27585.776486217204,34.0,Haut Standing,Petit,2023,12,4
ANO000324,2023-01-23,Beau Appartement Fès,fès,Inconnu,appartement,vente,378306.99,88.2,2.0,2.0,0.0,1989.0,4289.194897959183,37.0,Economique,Moyen,2023,1,1
ANO000093,2023-09-20,Appartement à vente - Oujda,oujda,Inconnu,appartement,vente,573887.16,69.99,2.0,1.0,3.0,2010.0,8199.559365623662,16.0,Moyen,Petit,2023,9,3
ANO000362,2024-10-04,Appartement 94m² Centre,kenitra,Centre,appartement,vente,2830699.19,94.55,3.0,1.0,1.0,2008.0,29938.648228450555,18.0,Haut Standing,Moyen,2024,10,4
ANO000373,2023-11-22,Appartement à vente - Fès,fès,Inconnu,inconnu,inconnu,838409.87,83.56,2.0,1.0,3.0,2003.0,10033.626974629009,23.0,Moyen,Moyen,2023,11,4
ANO000910,2024-07-18,Villa à location - Oujda,oujda,Hay Qods,villa,location,11482.95,190.6,5.0,2.0,0.0,2006.0,60.24632738719833,20.0,Economique,Grand,2024,7,3
ANO000580,2024-02-18,Beau Terrain Oujda,oujda,Hay Qods,terrain,vente,479659.12,414.04,0.0,0.0,0.0,2023.0,1158.4849772968794,3.0,Economique,Grand,2024,2,1
ANO000988,2024-12-07,Beau Appartement Oujda,oujda,Inconnu,appartement,vente,476969.23,71.78,3.0,1.0,3.0,2001.0,6644.8764279743655,25.0,Economique,Petit,2024,12,4
ANO000497,2023-01-10,Villa 351m² M'diq,tétouan,M'diq,villa,vente,1437171.84,351.01,4.0,2.0,0.0,2005.0,4094.3900173784227,21.0,Moyen,Grand,2023,1,1
ANO000355,2023-12-12,Villa à vente - Meknès,meknès,Hamria,villa,vente,7723148.55,110.82,5.0,2.0,1.0,2008.0,69690.92717920954,18.0,Luxe,Moyen,2023,12,4
ANO000074,2024-06-03,Bureau à vente - Kenitra,kenitra,Hay Essalam,bureau,vente,1232749.66,212.59,0.0,0.0,5.0,2008.0,5798.7189425655015,18.0,Moyen,Grand,2024,6,2
ANO000072,2023-04-12,Appartement 77m² Medina,fès,Medina,appartement,location,2512.67,77.12,2.0,1.0,0.0,2011.0,32.58130186721991,15.0,Economique,Petit,2023,4,2
ANO001232,2023-05-23,Beau Appartement Agadir,agadir,Inconnu,appartement,vente,2422947.32,106.8,3.0,1.0,5.0,2007.0,22686.77265917603,19.0,Haut Standing,Moyen,2023,5,2
ANO001379,2023-08-25,Beau Duplex Marrakech,marrakech,Hivernage,duplex,vente,80000000.0,130.59,3.0,1.0,1.0,2009.0,612604.3341756642,17.0,Luxe,Moyen,2023,8,3
ANO001376,2023-02-26,Beau Appartement Tanger,tanger,Malabata,appartement,vente,418537.67,62.98,1.0,1.0,1.0,2024.0,6645.564782470626,2.0,Economique,Petit,2023,2,1
ANO001381,1900-01-01,Villa 381m² Agadir,agadir,Inconnu,villa,location,27713.32,381.07,4.0,2.0,0.0,2013.0,72.72501115280657,13.0,Economique,Grand,1900,1,1
ANO000858,2023-09-01,Duplex à location - Tétouan,tétouan,Centre,duplex,location,3723.38,135.02,3.0,1.0,1.0,2009.0,27.57650718412087,17.0,Economique,Moyen,2023,9,3
ANO000257,2024-07-17,Beau Appartement Rabat,rabat,Hassan,appartement,location,1899.06,130.31,2.0,1.0,2.0,2010.0,14.573401887806,16.0,Economique,Moyen,2024,7,3
ANO000014,2023-09-02,Appartement 103m² Centre,agadir,Centre,appartement,location,120.0,103.46,2.0,2.0,6.0,2011.0,1.1598685482312006,15.0,Economique,Moyen,2023,9,3
ANO000289,2024-11-25,Beau Villa Meknès,meknès,Inconnu,villa,vente,5080816.96,218.98,4.0,2.0,0.0,2008.0,23202.19636496484,18.0,Luxe,Grand,2024,11,4
ANO001407,2023-10-31,Terrain à vente - Fès,fès,Ville Nouvelle,terrain,vente,897337.58,83.54,0.0,0.0,0.0,1964.0,10741.412257601149,62.0,Moyen,Moyen,2023,10,4
ANO000434,2023-09-23,Villa moderne Casablanca,casablanca,Bourgogne,villa,vente,2360848.9,196.55,5.0,2.0,0.0,2014.0,12011.441872297124,12.0,Haut Standing,Grand,2023,9,3
ANO000630,2024-05-21,Bureau 101m² Agdal,rabat,Agdal,bureau,vente,1369624.42,101.05,0.0,0.0,7.0,2008.0,13553.927956457199,18.0,Moyen,Moyen,2024,5,2
ANO001348,2023-11-14,Villa 120m² Fès,fès,Inconnu,villa,vente,2582939.14,120.73,5.0,2.0,0.0,2004.0,21394.343907893646,22.0,Haut Standing,Moyen,2023,11,4
ANO001450,2024-10-13,Beau Appartement Rabat,rabat,Ocean,appartement,inconnu,360138.79,61.49,2.0,2.0,3.0,1991.0,5856.867620751341,35.0,Economique,Petit,2024,10,4
ANO000617,2024-07-08,Bureau moderne Tétouan,tétouan,Centre,bureau,location,6351.13,137.09,0.0,0.0,0.0,2004.0,46.328178568823404,22.0,Economique,Moyen,2024,7,3
ANO000389,2023-10-02,Villa 445m² Tétouan,tétouan,Inconnu,villa,vente,7533855.65,445.18,4.0,3.0,0.0,2021.0,16923.16737050182,5.0,Luxe,Grand,2023,10,4
ANO000837,2023-05-26,Beau Villa Marrakech,marrakech,Medina,villa,vente,3973388.45,144.2,3.0,1.0,1.0,2013.0,27554.70492371706,13.0,Luxe,Moyen,2023,5,2
ANO000443,2023-07-13,Appartement moderne Tétouan,tétouan,Centre,appartement,vente,437279.75,81.4,2.0,1.0,5.0,2000.0,5371.9871007371,26.0,Economique,Moyen,2023,7,3
ANO000281,2023-10-18,Villa à vente - Agadir,agadir,Talborjt,villa,vente,2175268.15,303.99,4.0,2.0,0.0,2001.0,7155.722721142142,25.0,Haut Standing,Grand,2023,10,4
ANO001038,2023-12-23,Beau Appartement Casablanca,casablanca,Inconnu,appartement,location,7546.98,77.48,3.0,1.0,3.0,1981.0,97.40552400619514,45.0,Economique,Petit,2023,12,4
ANO000689,2024-06-21,Appartement 70m² Ville Nouvelle,fès,Ville Nouvelle,appartement,vente,581843.48,70.43,1.0,1.0,2.0,1963.0,8261.301718017889,63.0,Moyen,Petit,2024,6,2
ANO001243,2023-12-11,Bureau 162m² Souissi,rabat,Souissi,bureau,vente,1398749.44,162.79,0.0,0.0,8.0,2008.0,8592.3548129492,18.0,Moyen,Grand,2023,12,4
ANO001113,2024-02-18,Beau Appartement Agadir,agadir,Talborjt,appartement,vente,386101.1,81.28,1.0,1.0,4.0,2014.0,4750.259596456693,12.0,Economique,Moyen,2024,2,1
ANO000306,2023-03-27,Villa moderne Kenitra,kenitra,Inconnu,villa,vente,2339510.76,298.63,5.0,3.0,0.0,2011.0,7834.145129424371,15.0,Haut Standing,Grand,2023,3,1
ANO000126,2024-07-16,Terrain moderne Kenitra,kenitra,Hay Essalam,terrain,location,2279.18,404.68,0.0,0.0,0.0,2011.0,5.632054957003064,15.0,Economique,Grand,2024,7,3
ANO001035,2024-02-12,Appartement 111m² Talborjt,agadir,Talborjt,appartement,vente,2659792.36,111.77,3.0,1.0,2.0,2004.0,23797.014941397512,22.0,Haut Standing,Moyen,2024,2,1
ANO000268,2024-06-04,Terrain moderne Rabat,rabat,Inconnu,terrain,vente,645186.58,311.53,0.0,0.0,1.0,1993.0,2071.025519211633,33.0,Moyen,Grand,2024,6,2
ANO000537,2023-05-21,Duplex moderne Agadir,agadir,Talborjt,duplex,location,7975.39,137.38,2.0,2.0,4.0,2007.0,58.05350123744359,19.0,Economique,Moyen,2023,5,2
ANO000229,2024-11-12,Beau Bureau Tanger,tanger,Iberia,bureau,vente,711148.88,148.52,3.0,0.0,1.0,2008.0,4788.236466469162,18.0,Moyen,Moyen,2024,11,4
ANO001274,2024-07-04,Terrain à vente - Meknès,meknès,Hamria,terrain,vente,444790.83,252.01,0.0,0.0,0.0,2012.0,1764.9729375818422,14.0,Economique,Grand,2024,7,3
ANO000402,2024-11-11,Appartement 86m² Gueliz,marrakech,Gueliz,appartement,inconnu,615195.76,86.22,2.0,1.0,0.0,2010.0,7135.186267687312,16.0,Moyen,Moyen,2024,11,4
ANO000364,1900-01-01,Beau Appartement Kenitra,kenitra,Hay Essalam,appartement,location,7685.84,83.21,3.0,1.0,1.0,2009.0,92.36678283860114,17.0,Economique,Moyen,1900,1,1
ANO001001,2024-08-18,Villa moderne Kenitra,kenitra,Inconnu,villa,location,12553.15,181.17,3.0,2.0,0.0,2006.0,69.28934150245625,20.0,Economique,Grand,2024,8,3
ANO000148,2023-10-15,Villa 84m² Non spécifié,casablanca,Non spécifié,villa,location,23803.83,84.6,5.0,2.0,0.0,1998.0,281.36914893617023,28.0,Economique,Moyen,2023,10,4
ANO000664,2023-05-12,Appartement moderne Fès,fès,Inconnu,appartement,vente,601830.71,105.01,2.0,2.0,1.0,2011.0,5731.175221407484,15.0,Moyen,Moyen,2023,5,2
ANO000417,2023-11-30,Beau Appartement Oujda,oujda,Hay Qods,appartement,vente,578054.31,46.1,4.0,2.0,4.0,2008.0,12539.139045553145,18.0,Moyen,Petit,2023,11,4
ANO000196,2023-08-05,Appartement moderne Meknès,meknès,Inconnu,appartement,vente,579786.47,73.52,3.0,1.0,5.0,2003.0,7886.105413492927,23.0,Moyen,Petit,2023,8,3
ANO001500,2023-04-27,Beau Terrain Rabat,rabat,Inconnu,terrain,location,4492.22,39.64,0.0,0.0,1.0,1982.0,113.32542885973764,44.0,Economique,Petit,2023,4,2
ANO001368,2024-10-25,Terrain 462m² Maarif,casablanca,Maarif,terrain,vente,566348.89,462.13,3.0,1.0,1.0,2013.0,1225.5185553848485,13.0,Moyen,Grand,2024,10,4
ANO001075,1900-01-01,Appartement moderne Oujda,oujda,Centre,appartement,location,2857.86,102.38,3.0,2.0,3.0,2012.0,27.914241062707564,14.0,Economique,Moyen,1900,1,1
ANO001076,2023-02-13,Appartement moderne Fès,fès,Inconnu,appartement,location,1725.82,63.83,3.0,1.0,8.0,2018.0,27.03775654081153,8.0,Economique,Petit,2023,2,1
ANO000923,2023-03-22,Villa 286m² Zouagha,fès,Zouagha,villa,vente,2183193.72,286.38,6.0,4.0,0.0,1992.0,7623.415461973603,34.0,Haut Standing,Grand,2023,3,1
ANO000924,2024-08-26,Beau Terrain Tanger,tanger,Centre Ville,terrain,location,2964.24,275.3,0.0,0.0,0.0,2004.0,10.767308390846349,22.0,Economique,Grand,2024,8,3
ANO000013,2024-06-27,Bureau à vente - Marrakech,marrakech,Gueliz,bureau,vente,1283545.44,41.61,0.0,0.0,3.0,1999.0,30847.042537851477,27.0,Moyen,Petit,2024,6,2
ANO000009,2024-01-18,Appartement à vente - Oujda,oujda,Hay Qods,appartement,vente,484674.07,87.77,2.0,1.0,1.0,2000.0,5522.09262846075,26.0,Economique,Moyen,2024,1,1
ANO000469,2024-07-28,Appartement moderne Casablanca,casablanca,Ain Diab,appartement,vente,669525.72,66.08,2.0,2.0,2.0,1978.0,10132.047820823245,48.0,Moyen,Petit,2024,7,3
ANO001292,2023-03-30,Appartement à location - Kenitra,kenitra,Inconnu,appartement,location,5636.92,66.52,2.0,1.0,2.0,2019.0,84.74022850270596,7.0,Economique,Petit,2023,3,1
ANO000279,2024-12-23,Villa à vente - Meknès,meknès,Hamria,villa,vente,2182657.56,268.74,4.0,2.0,0.0,2022.0,8121.818709533378,4.0,Haut Standing,Grand,2024,12,4
ANO001047,2023-09-18,Villa 228m² Ville Nouvelle,fès,Ville Nouvelle,villa,location,26840.83,228.59,4.0,3.0,0.0,2008.0,117.41909094886041,18.0,Economique,Grand,2023,9,3
ANO000642,2023-07-13,Villa moderne Tanger,tanger,Malabata,villa,location,9278.49,415.93,4.0,2.0,0.0,2002.0,22.307816219075324,24.0,Economique,Grand,2023,7,3
ANO000922,2024-03-27,Villa 270m² Ocean,rabat,Ocean,villa,vente,5052633.41,270.25,5.0,2.0,0.0,2012.0,18696.145827937096,14.0,Luxe,Grand,2024,3,1
ANO001191,2023-12-28,Beau Bureau Tanger,tanger,Malabata,bureau,vente,1081007.12,172.48,0.0,0.0,1.0,2012.0,6267.434601113174,14.0,Moyen,Grand,2023,12,4
ANO000041,2024-10-25,Villa à vente - Marrakech,marrakech,Medina,villa,vente,7186547.92,177.25,4.0,2.0,0.0,2021.0,40544.69912552891,5.0,Luxe,Grand,2024,10,4
ANO000122,2023-06-18,Appartement 102m² Centre Ville,tanger,Centre Ville,appartement,inconnu,598205.41,102.25,2.0,2.0,0.0,2006.0,5850.419657701712,20.0,Moyen,Moyen,2023,6,2
ANO000329,2023-02-13,Beau Bureau Oujda,oujda,Centre,bureau,vente,1198558.98,73.67,0.0,0.0,6.0,2022.0,16269.295235509704,4.0,Moyen,Petit,2023,2,1
ANO001295,1900-01-01,Appartement 62m² Centre,oujda,Centre,appartement,vente,328744.77,62.74,2.0,2.0,5.0,2009.0,5239.795505259803,17.0,Economique,Petit,1900,1,1
ANO000076,2023-11-14,Beau Appartement Kenitra,kenitra,Inconnu,appartement,vente,680674.07,86.61,1.0,1.0,0.0,2001.0,7859.070199745987,25.0,Moyen,Moyen,2023,11,4
ANO000887,2023-05-25,Beau Appartement Oujda,oujda,Inconnu,appartement,vente,2068735.74,98.83,3.0,1.0,0.0,2000.0,20932.26489932207,26.0,Haut Standing,Moyen,2023,5,2
ANO000869,2023-10-14,Appartement à vente - Casablanca,casablanca,Bourgogne,appartement,vente,475078.55,80.39,1.0,1.0,1.0,1990.0,5909.672222913297,36.0,Economique,Moyen,2023,10,4
ANO000111,2023-09-07,Villa 178m² Malabata,tanger,Malabata,villa,location,23926.52,178.22,4.0,2.0,0.0,2010.0,134.25272135562787,16.0,Economique,Grand,2023,9,3
ANO000271,2024-11-26,Villa à location - Agadir,agadir,Inconnu,villa,location,22878.77,214.82,4.0,3.0,0.0,2021.0,106.50204822642213,5.0,Economique,Grand,2024,11,4
ANO000349,2024-02-09,Appartement moderne Rabat,rabat,Souissi,appartement,vente,529284.72,107.09,2.0,2.0,4.0,2009.0,4942.428984965916,17.0,Moyen,Moyen,2024,2,1
ANO000376,2024-08-05,Appartement 92m² Kenitra,kenitra,Inconnu,appartement,location,1649.75,92.57,2.0,1.0,1.0,2003.0,17.821648482229666,23.0,Economique,Moyen,2024,8,3
ANO000057,2024-01-17,Beau Duplex Marrakech,marrakech,Inconnu,duplex,vente,1652767.13,112.31,4.0,3.0,0.0,2008.0,14716.117264713737,18.0,Haut Standing,Moyen,2024,1,1
ANO000083,2024-06-15,Beau Appartement Agadir,agadir,Centre,appartement,location,1972.03,68.67,3.0,1.0,0.0,2024.0,28.717489442260085,2.0,Economique,Petit,2024,6,2
ANO000133,2023-11-03,Villa 358m² Hivernage,marrakech,Hivernage,villa,vente,1343432.74,358.31,3.0,1.0,1.0,2009.0,3749.358767547654,17.0,Moyen,Grand,2023,11,4
ANO000971,2024-08-25,Appartement à vente - Rabat,rabat,Hassan,appartement,vente,485759.79,93.96,3.0,2.0,0.0,1989.0,5169.857279693487,37.0,Economique,Moyen,2024,8,3
ANO000795,2023-04-16,Appartement 83m² Zouagha,fès,Zouagha,appartement,vente,591254.55,83.78,4.0,3.0,2.0,2000.0,7057.227858677489,26.0,Moyen,Moyen,2023,4,2
ANO000731,2024-06-18,Appartement moderne Kenitra,kenitra,Inconnu,appartement,vente,358225.08,96.55,2.0,1.0,0.0,2024.0,3710.2545831175557,2.0,Economique,Moyen,2024,6,2
ANO000623,2024-01-27,Beau Appartement Tanger,tanger,Inconnu,appartement,location,9652.07,113.17,2.0,2.0,1.0,2001.0,85.2882389325793,25.0,Economique,Moyen,2024,1,1
ANO000049,2024-05-08,Terrain moderne Agadir,agadir,Centre,terrain,vente,877964.84,393.82,0.0,1.0,0.0,2000.0,2229.3556447107817,26.0,Moyen,Grand,2024,5,2
ANO000010,2024-08-07,Terrain moderne Tétouan,tétouan,M'diq,terrain,vente,912709.41,227.92,0.0,1.0,0.0,2007.0,4004.5165408915414,19.0,Moyen,Grand,2024,8,3
ANO000579,2023-06-12,Terrain à vente - Meknès,meknès,Ville Nouvelle,terrain,vente,1039982.57,106.04,0.0,0.0,0.0,2001.0,9807.45539419087,25.0,Moyen,Moyen,2023,6,2
ANO000338,2024-04-06,Beau Appartement Tanger,tanger,Inconnu,appartement,vente,2079039.84,136.88,2.0,2.0,4.0,2004.0,15188.777323202807,22.0,Haut Standing,Moyen,2024,4,2
ANO000495,2023-04-24,Beau Appartement Tanger,tanger,Iberia,appartement,vente,757235.66,75.01,2.0,1.0,4.0,2008.0,10095.129449406746,18.0,Moyen,Petit,2023,4,2
ANO000310,2024-03-22,Beau Duplex Agadir,agadir,Inconnu,duplex,location,8105.31,228.28,3.0,1.0,2.0,2009.0,35.50600140178728,17.0,Economique,Grand,2024,3,1
ANO001126,2024-03-23,Duplex à vente - Oujda,oujda,Hay Qods,duplex,vente,1185582.85,136.01,3.0,1.0,3.0,2002.0,8716.880008822882,24.0,Moyen,Moyen,2024,3,1
ANO001155,2023-11-11,Beau Appartement Tanger,tanger,Malabata,appartement,vente,568803.25,110.59,1.0,1.0,4.0,2011.0,5143.351568857944,15.0,Moyen,Moyen,2023,11,4
ANO001255,2024-05-27,Beau Appartement Meknès,meknès,Ville Nouvelle,appartement,vente,452438.28,105.58,2.0,1.0,7.0,2011.0,4285.265012312939,15.0,Economique,Moyen,2024,5,2
ANO000705,2023-03-23,Appartement à vente - Kenitra,kenitra,Hay Essalam,appartement,vente,554910.3,59.95,2.0,1.0,1.0,2015.0,9256.218515429526,11.0,Moyen,Petit,2023,3,1
ANO000628,2024-05-03,Duplex moderne Marrakech,marrakech,Gueliz,duplex,vente,2769349.69,88.28,2.0,2.0,2.0,2005.0,31370.068985047576,21.0,Haut Standing,Moyen,2024,5,2
ANO001200,2024-11-02,Appartement 93m² Californie,casablanca,Californie,appartement,vente,670856.0,93.4,3.0,1.0,4.0,1996.0,7182.612419700214,30.0,Moyen,Moyen,2024,11,4
ANO000246,2023-12-30,Terrain à vente - Agadir,agadir,Centre,terrain,vente,941779.24,330.72,0.0,0.0,1.0,2017.0,2847.6634010643443,9.0,Moyen,Grand,2023,12,4
ANO000272,2023-02-01,Beau Villa Tanger,tanger,Inconnu,villa,location,9193.11,332.55,3.0,2.0,1.0,2008.0,27.64429409111412,18.0,Economique,Grand,2023,2,1
ANO000061,2023-05-21,Appartement à location - Agadir,agadir,Talborjt,appartement,location,2500.32,63.57,2.0,2.0,0.0,2001.0,39.3317602642756,25.0,Economique,Petit,2023,5,2
ANO001079,2024-09-07,Terrain moderne Marrakech,marrakech,Inconnu,terrain,location,1663.45,322.74,0.0,0.0,0.0,2018.0,5.154148850467869,8.0,Economique,Grand,2024,9,3
ANO000825,2023-07-29,Appartement moderne Rabat,rabat,Hay Riad,appartement,vente,1685605.59,50.47,3.0,1.0,6.0,2004.0,33398.16901129384,22.0,Haut Standing,Petit,2023,7,3
ANO000073,2023-02-18,Beau Appartement Tanger,tanger,Inconnu,appartement,location,1829.04,79.08,2.0,2.0,1.0,2006.0,23.12898330804249,20.0,Economique,Petit,2023,2,1
ANO001266,2023-12-17,Appartement moderne Rabat,rabat,Hay Riad,appartement,vente,1869755.58,80.89,1.0,1.0,5.0,2003.0,23114.79268141921,23.0,Haut Standing,Moyen,2023,12,4
ANO000033,1900-01-01,Beau Villa Tanger,tanger,Iberia,villa,location,9392.24,270.88,3.0,1.0,0.0,2010.0,34.673065564087416,16.0,Economique,Grand,1900,1,1
ANO001482,2023-06-27,Appartement 36m² M'diq,tétouan,M'diq,appartement,vente,2272092.08,36.58,3.0,1.0,1.0,2003.0,62112.9600874795,23.0,Haut Standing,Petit,2023,6,2
ANO000662,2023-06-03,Appartement 108m² Talborjt,agadir,Talborjt,appartement,vente,2344957.39,108.83,2.0,2.0,2.0,2014.0,21546.975925755767,12.0,Haut Standing,Moyen,2023,6,2
ANO001090,2024-08-24,Villa 268m² Malabata,tanger,Malabata,villa,vente,2010996.05,268.52,6.0,3.0,0.0,2015.0,7489.185349322212,11.0,Haut Standing,Grand,2024,8,3
ANO001112,2024-03-20,Villa à vente - Oujda,oujda,Hay Qods,villa,vente,2487035.61,361.97,5.0,2.0,0.0,1999.0,6870.833522115092,27.0,Haut Standing,Grand,2024,3,1
ANO000985,2023-05-07,Appartement à location - Oujda,oujda,Centre,appartement,location,8746.67,123.03,3.0,2.0,4.0,2002.0,71.09379826058685,24.0,Economique,Moyen,2023,5,2
ANO000157,2024-10-19,Beau Bureau Kenitra,kenitra,Hay Essalam,bureau,vente,987799.54,96.97,0.0,0.0,3.0,2007.0,10186.650922965866,19.0,Moyen,Moyen,2024,10,4
ANO001332,2024-03-10,Appartement à vente - Oujda,oujda,Centre,appartement,vente,640131.93,33.37,3.0,2.0,0.0,2010.0,19182.85675756668,16.0,Moyen,Petit,2024,3,1
ANO000249,2023-07-12,Villa 191m² Ocean,rabat,Ocean,villa,vente,6776488.53,191.94,3.0,2.0,0.0,2002.0,35305.24398249453,24.0,Luxe,Grand,2023,7,3
ANO000942,2023-01-18,Villa à vente - Meknès,meknès,Ville Nouvelle,villa,vente,3892215.23,245.81,5.0,3.0,0.0,2023.0,15834.242829827916,3.0,Luxe,Grand,2023,1,1
ANO001394,2023-09-12,Appartement 91m² M'diq,tétouan,M'diq,appartement,vente,1862848.46,91.96,2.0,1.0,5.0,2005.0,20257.16028708134,21.0,Haut Standing,Moyen,2023,9,3
ANO000064,1900-01-01,Appartement moderne Tétouan,tétouan,Inconnu,appartement,vente,368218.33,73.84,2.0,1.0,1.0,2016.0,4986.705444203683,10.0,Economique,Petit,1900,1,1
ANO000558,2023-04-10,Villa à location - Kenitra,kenitra,Centre,villa,location,8066.35,218.66,5.0,1.0,0.0,2002.0,36.889920424403186,24.0,Economique,Grand,2023,4,2
ANO000746,2023-09-04,Appartement à vente - Kenitra,kenitra,Centre,appartement,vente,637691.69,85.36,2.0,1.0,2.0,2002.0,7470.614925023429,24.0,Moyen,Moyen,2023,9,3
ANO001223,2024-10-20,Beau Appartement Casablanca,casablanca,Ain Diab,appartement,vente,637765.63,99.76,4.0,3.0,4.0,1997.0,6392.999498797113,29.0,Moyen,Moyen,2024,10,4
ANO000830,2023-06-19,Appartement 85m² Meknès,meknès,Inconnu,appartement,vente,544550.65,85.63,3.0,2.0,0.0,1994.0,6359.344271867337,32.0,Moyen,Moyen,2023,6,2
ANO000606,2023-07-01,Appartement moderne Tétouan,tétouan,Centre,appartement,vente,443056.93,31.2,3.0,2.0,5.0,2004.0,14200.542628205128,22.0,Economique,Petit,2023,7,3
ANO000604,2023-06-29,Villa 211m² Kenitra,kenitra,Inconnu,villa,vente,2647519.16,211.36,4.0,3.0,0.0,2008.0,12526.112604087812,18.0,Haut Standing,Grand,2023,6,2
ANO001442,2024-02-25,Appartement 65m² Californie,casablanca,Californie,appartement,vente,420798.5,65.94,4.0,1.0,1.0,2015.0,6381.536245071277,11.0,Economique,Petit,2024,2,1
ANO000955,2023-12-29,Appartement à vente - Tétouan,tétouan,Centre,appartement,vente,417724.94,102.03,2.0,2.0,3.0,2013.0,4094.138390669411,13.0,Economique,Moyen,2023,12,4
ANO001270,2023-05-16,Appartement 101m² Medina,marrakech,Medina,appartement,inconnu,1212598.31,101.37,3.0,1.0,0.0,2016.0,11962.102298510408,10.0,Moyen,Moyen,2023,5,2
ANO000561,2024-01-24,Beau Villa Agadir,agadir,Hay Mohammadi,villa,vente,6605595.14,248.06,6.0,4.0,0.0,2002.0,26629.021768926872,24.0,Luxe,Grand,2024,1,1
ANO001003,2024-10-13,Beau Appartement Agadir,agadir,Talborjt,appartement,vente,2194414.52,46.32,3.0,1.0,1.0,2018.0,47375.097582038,8.0,Haut Standing,Petit,2024,10,4
ANO001293,2024-02-26,Villa à vente - Meknès,meknès,Ville Nouvelle,villa,vente,7425023.74,269.44,4.0,3.0,0.0,1997.0,27557.24369061758,29.0,Luxe,Grand,2024,2,1
ANO000063,2024-06-06,Appartement à location - Tanger,tanger,Iberia,appartement,location,2427.15,83.18,2.0,1.0,4.0,2003.0,29.17949026208223,23.0,Economique,Moyen,2024,6,2
ANO000177,2023-02-10,Beau Appartement Agadir,agadir,Centre,appartement,vente,2103889.0,12.0,3.0,2.0,6.0,2015.0,175324.08333333334,11.0,Haut Standing,Petit,2023,2,1
ANO001013,2024-11-17,Beau Villa Tétouan,tétouan,Centre,villa,vente,2028725.4,263.64,4.0,3.0,0.0,2002.0,7695.059171597633,24.0,Haut Standing,Grand,2024,11,4
ANO001083,2023-12-04,Appartement à vente - Tétouan,tétouan,Inconnu,appartement,vente,602956.86,66.67,4.0,3.0,3.0,2011.0,9043.900704964752,15.0,Moyen,Petit,2023,12,4
ANO001040,2023-11-03,Appartement 111m² Iberia,tanger,Iberia,appartement,vente,459305.02,111.22,2.0,1.0,0.0,2023.0,4129.6980758856325,3.0,Economique,Moyen,2023,11,4
ANO000596,2023-08-09,Appartement moderne Tétouan,tétouan,M'diq,appartement,vente,375093.82,77.27,2.0,1.0,4.0,2008.0,4854.326646822829,18.0,Economique,Petit,2023,8,3
ANO001027,2024-05-27,Terrain à vente - Oujda,oujda,Hay Qods,terrain,vente,870207.34,270.18,0.0,1.0,0.0,2019.0,3220.8429195351246,7.0,Moyen,Grand,2024,5,2
ANO000264,2023-12-08,Beau Villa Oujda,oujda,Centre,villa,vente,1369519.53,284.37,5.0,2.0,0.0,2008.0,4815.97752927524,18.0,Moyen,Grand,2023,12,4
ANO001467,2024-07-06,Beau Appartement Casablanca,casablanca,Inconnu,appartement,vente,679606.73,108.57,2.0,2.0,2.0,2007.0,6259.618034447822,19.0,Moyen,Moyen,2024,7,3
ANO001248,2023-03-19,Beau Appartement Fès,fès,Inconnu,appartement,vente,2208511.96,93.04,3.0,2.0,1.0,2002.0,23737.23086844368,24.0,Haut Standing,Moyen,2023,3,1
ANO000721,2023-12-01,Beau Villa Tanger,tanger,Centre Ville,villa,vente,1644271.02,269.72,6.0,3.0,1.0,2013.0,6096.214667062138,13.0,Haut Standing,Grand,2023,12,4
ANO001375,2024-05-07,Beau Villa Tanger,tanger,Centre Ville,villa,location,10715.58,266.61,4.0,2.0,0.0,2012.0,40.191965792730954,14.0,Economique,Grand,2024,5,2
ANO000656,2023-03-19,Beau Bureau Casablanca,casablanca,Hay Mohammadi,bureau,vente,1235832.27,112.11,0.0,0.0,7.0,2008.0,11023.390152528767,18.0,Moyen,Moyen,2023,3,1
ANO000624,2024-11-10,Villa à vente - Meknès,meknès,Hamria,villa,vente,1994592.86,161.54,6.0,4.0,0.0,2008.0,12347.362015599852,18.0,Haut Standing,Grand,2024,11,4
ANO000763,2024-09-16,Beau Appartement Casablanca,casablanca,Hay Mohammadi,appartement,vente,644006.86,78.71,4.0,3.0,0.0,2008.0,8182.020835980181,18.0,Moyen,Petit,2024,9,3
ANO000958,2023-10-27,Appartement à vente - Tétouan,tétouan,M'diq,appartement,vente,605006.4,32.82,18.0,9.0,5.0,2008.0,18434.076782449727,18.0,Moyen,Petit,2023,10,4
ANO000653,2024-03-03,Beau Appartement Marrakech,marrakech,Medina,appartement,vente,293719.09,163.44,4.0,2.0,4.0,2008.0,1797.10652227117,18.0,Economique,Grand,2024,3,1
ANO001182,2023-11-02,Appartement à vente - Fès,fès,Inconnu,appartement,vente,420714.87,119.41,2.0,2.0,2.0,2008.0,3523.2800435474414,18.0,Economique,Moyen,2023,11,4
ANO000152,2024-08-04,Beau Bureau Casablanca,casablanca,Hay Mohammadi,bureau,location,5606.47,98.79,0.0,0.0,1.0,1988.0,56.75139184127948,38.0,Economique,Moyen,2024,8,3
ANO001431,2024-08-08,Villa 215m² M'diq,tétouan,M'diq,villa,location,9817.22,215.58,6.0,3.0,0.0,1998.0,45.53863994804712,28.0,Economique,Grand,2024,8,3
ANO000545,2024-07-08,Beau Villa Tétouan,tétouan,Centre,villa,location,7512.9,332.4,4.0,2.0,0.0,2008.0,22.60198555956679,18.0,Economique,Grand,2024,7,3
ANO000352,1900-01-01,Villa moderne Casablanca,casablanca,Hay Mohammadi,villa,vente,6391010.65,205.98,5.0,3.0,0.0,1989.0,31027.335906398683,37.0,Luxe,Grand,1900,1,1
ANO001167,2023-10-17,Villa 221m² Tétouan,tétouan,Inconnu,villa,vente,2108424.76,221.47,6.0,3.0,0.0,2019.0,9520.137084029438,7.0,Haut Standing,Grand,2023,10,4
ANO001108,2023-03-08,Terrain moderne Meknès,meknès,Hamria,terrain,vente,528779.51,114.12,0.0,1.0,0.0,2012.0,4633.5393445495965,14.0,Moyen,Moyen,2023,3,1
ANO000893,2023-04-09,Terrain à vente - Tétouan,tétouan,Centre,terrain,vente,904895.01,112.22,0.0,0.0,0.0,2010.0,8063.580556050615,16.0,Moyen,Moyen,2023,4,2
ANO000142,2023-05-26,Villa à vente - Agadir,agadir,Inconnu,villa,vente,7457356.43,301.63,3.0,1.0,0.0,2020.0,24723.52362165567,6.0,Luxe,Grand,2023,5,2
ANO001486,2024-06-09,Appartement moderne Marrakech,marrakech,Hivernage,appartement,location,8461.96,56.07,4.0,3.0,1.0,1999.0,150.91778134474762,27.0,Economique,Petit,2024,6,2
ANO001470,2023-05-10,Appartement à vente - Oujda,oujda,Inconnu,appartement,vente,503806.85,98.52,2.0,2.0,4.0,2017.0,5113.752030044661,9.0,Moyen,Moyen,2023,5,2
ANO000578,2024-03-17,Terrain 297m² Hamria,meknès,Hamria,terrain,vente,695204.96,297.67,0.0,0.0,1.0,2007.0,2335.4888299123186,19.0,Moyen,Grand,2024,3,1
ANO000245,1900-01-01,Bureau à vente - Kenitra,kenitra,Centre,bureau,vente,1363301.1,51.9,0.0,0.0,1.0,2018.0,26267.84393063584,8.0,Moyen,Petit,1900,1,1
ANO001310,2024-08-26,Beau Bureau Agadir,agadir,Inconnu,bureau,vente,1384993.45,72.83,0.0,0.0,3.0,2011.0,19016.79870932308,15.0,Moyen,Petit,2024,8,3
ANO001101,2023-06-10,Appartement moderne Marrakech,marrakech,Medina,appartement,vente,590626.35,61.55,1.0,1.0,0.0,2011.0,9595.878960194963,15.0,Moyen,Petit,2023,6,2
ANO000881,2024-09-23,Appartement moderne Marrakech,marrakech,Medina,appartement,location,10894.89,79.55,1.0,1.0,0.0,2003.0,136.95650534255185,23.0,Economique,Petit,2024,9,3
ANO000088,2023-04-10,Villa moderne Meknès,meknès,Ville Nouvelle,villa,vente,2170237.32,15.0,3.0,2.0,0.0,2001.0,144682.48799999998,25.0,Haut Standing,Petit,2023,4,2
ANO001299,2023-08-09,Villa 330m² Centre,kenitra,Centre,villa,vente,5410420.86,330.13,5.0,2.0,0.0,2021.0,16388.758549662256,5.0,Luxe,Grand,2023,8,3
ANO000826,2024-05-01,Appartement moderne Casablanca,casablanca,Inconnu,appartement,inconnu,2288625.0,79.23,1.0,1.0,3.0,2021.0,28885.83869746308,5.0,Haut Standing,Petit,2024,5,2
ANO000551,2024-04-30,Appartement moderne Casablanca,casablanca,Bourgogne,appartement,vente,2231853.27,93.14,3.0,2.0,1.0,2002.0,23962.34990337127,24.0,Haut Standing,Moyen,2024,4,2
ANO000106,2024-11-18,Bureau moderne Kenitra,kenitra,Centre,bureau,vente,1208401.54,147.28,0.0,0.0,1.0,2007.0,8204.790467137425,19.0,Moyen,Moyen,2024,11,4
ANO000410,2023-07-18,Appartement à location - Meknès,meknès,Inconnu,appartement,location,2129.44,109.1,3.0,1.0,1.0,2024.0,19.518240146654446,2.0,Economique,Moyen,2023,7,3
ANO000768,2023-08-09,Appartement moderne Tétouan,tétouan,Centre,appartement,vente,430232.72,75.4,3.0,3.0,0.0,2012.0,5706.004244031829,14.0,Economique,Petit,2023,8,3
ANO000816,1900-01-01,Beau Terrain Marrakech,marrakech,Medina,terrain,vente,879046.16,335.31,0.0,0.0,0.0,2008.0,2621.5924368494825,18.0,Moyen,Grand,1900,1,1
ANO000077,2024-01-12,Beau Villa Kenitra,kenitra,Centre,villa,vente,4927044.44,304.37,4.0,3.0,0.0,2004.0,16187.680914676217,22.0,Luxe,Grand,2024,1,1
ANO001100,2023-10-20,Beau Villa Kenitra,kenitra,Hay Essalam,villa,location,6908.99,157.73,5.0,3.0,0.0,2019.0,43.80263741837317,7.0,Economique,Grand,2023,10,4
ANO001097,2024-07-22,Appartement 77m² Oujda,oujda,Inconnu,appartement,vente,1748906.44,77.8,2.0,1.0,1.0,2021.0,22479.517223650386,5.0,Haut Standing,Petit,2024,7,3
ANO000381,2024-09-26,Terrain à vente - Rabat,rabat,Inconnu,terrain,vente,710730.95,465.08,0.0,0.0,0.0,1997.0,1528.1907413778274,29.0,Moyen,Grand,2024,9,3
ANO000205,2024-11-06,Villa 159m² Kenitra,kenitra,Inconnu,villa,location,9359.94,159.96,3.0,2.0,0.0,2024.0,58.514253563390845,2.0,Economique,Grand,2024,11,4
ANO000651,2023-04-10,Appartement à vente - Casablanca,casablanca,Non spécifié,appartement,vente,337236.1,116.55,4.0,2.0,2.0,2008.0,2893.488631488631,18.0,Economique,Moyen,2023,4,2
ANO000836,1900-01-01,Appartement moderne Meknès,meknès,Inconnu,appartement,vente,450950.74,158.73,3.0,1.0,7.0,2008.0,2840.992502992503,18.0,Economique,Grand,1900,1,1
ANO000508,2024-07-13,Appartement moderne Tanger,tanger,Iberia,appartement,vente,619851.72,79.34,2.0,2.0,1.0,2002.0,7812.600453743382,24.0,Moyen,Petit,2024,7,3
ANO000852,2023-11-09,Appartement moderne Fès,fès,Inconnu,appartement,vente,596753.7,63.29,4.0,3.0,1.0,2008.0,9428.878179807236,18.0,Moyen,Petit,2023,11,4
ANO000436,2024-03-10,Beau Appartement Kenitra,kenitra,Centre,appartement,vente,1640612.81,85.7,2.0,1.0,4.0,2009.0,19143.67339556593,17.0,Haut Standing,Moyen,2024,3,1
ANO000213,2024-01-22,Terrain à location - Tétouan,tétouan,Centre,terrain,location,4187.8,308.8,0.0,0.0,0.0,1999.0,13.561528497409327,27.0,Economique,Grand,2024,1,1
ANO001481,2024-09-29,Villa 267m² Talborjt,agadir,Talborjt,villa,location,6086.13,267.85,5.0,2.0,0.0,2014.0,22.72215792421131,12.0,Economique,Grand,2024,9,3
ANO001455,2024-11-16,Appartement 114m² Targa,marrakech,Targa,appartement,vente,2110640.31,114.89,3.0,2.0,0.0,2005.0,18370.966228566456,21.0,Haut Standing,Moyen,2024,11,4
ANO000094,2023-06-11,Appartement à vente - Meknès,meknès,Ville Nouvelle,appartement,vente,1845874.56,87.84,4.0,2.0,2.0,2015.0,21014.054644808744,11.0,Haut Standing,Moyen,2023,6,2
ANO001410,2024-11-21,Beau Villa Tanger,tanger,Iberia,villa,vente,6629558.41,272.13,4.0,3.0,0.0,2010.0,24361.733032006763,16.0,Luxe,Grand,2024,11,4
ANO000870,2023-01-02,Bureau à vente - Tétouan,tétouan,M'diq,bureau,vente,317773.58,155.88,0.0,1.0,1.0,2020.0,2038.578265332307,6.0,Economique,Grand,2023,1,1
ANO000684,2023-05-02,Appartement à vente - Meknès,meknès,Inconnu,appartement,vente,568622.88,105.63,2.0,2.0,3.0,2003.0,5383.157057654076,23.0,Moyen,Moyen,2023,5,2
ANO001028,2023-03-16,Villa 92m² Centre,agadir,Centre,villa,vente,2270179.93,92.63,4.0,1.0,0.0,2001.0,24508.04199503401,25.0,Haut Standing,Moyen,2023,3,1
ANO000648,2023-07-31,Appartement 91m² Hamria,meknès,Hamria,appartement,location,2012.01,91.73,3.0,2.0,1.0,2007.0,21.934045568516296,19.0,Economique,Moyen,2023,7,3
ANO000948,2023-10-12,Villa à vente - Tétouan,tétouan,Centre,villa,vente,1441678.73,368.15,3.0,3.0,0.0,2000.0,3916.0090452261306,26.0,Moyen,Grand,2023,10,4
ANO000715,2024-06-23,Beau Villa Marrakech,marrakech,Inconnu,villa,vente,2286670.83,269.52,3.0,2.0,0.0,2008.0,8484.234305431879,18.0,Haut Standing,Grand,2024,6,2
ANO001134,2024-09-02,Appartement moderne Casablanca,casablanca,Maarif,appartement,vente,501472.31,97.29,3.0,1.0,1.0,2008.0,5154.4075444547225,18.0,Moyen,Moyen,2024,9,3
ANO001077,2024-04-07,Appartement moderne Oujda,oujda,Hay Qods,appartement,location,2574.09,84.02,2.0,2.0,5.0,2006.0,30.636634134729828,20.0,Economique,Moyen,2024,4,2
ANO000291,2023-02-08,Beau Villa Tétouan,tétouan,M'diq,villa,vente,5734579.16,186.14,4.0,2.0,0.0,2008.0,30807.8820242828,18.0,Luxe,Grand,2023,2,1
ANO001444,1900-01-01,Villa à vente - Tanger,tanger,Centre Ville,villa,vente,5397307.46,304.51,6.0,3.0,0.0,2000.0,17724.565564349283,26.0,Luxe,Grand,1900,1,1
ANO001447,1900-01-01,Beau Appartement Oujda,oujda,Inconnu,inconnu,location,1209.57,77.07,2.0,2.0,2.0,2017.0,15.694433631763333,9.0,Economique,Petit,1900,1,1
ANO001487,2023-01-12,Villa 302m² Malabata,tanger,Malabata,inconnu,location,14690.93,302.96,5.0,2.0,0.0,2019.0,48.49131898600476,7.0,Economique,Grand,2023,1,1
ANO000702,2024-09-21,Bureau moderne Meknès,meknès,Hamria,bureau,vente,1650173.91,72.42,0.0,0.0,7.0,2023.0,22786.1628003314,3.0,Haut Standing,Petit,2024,9,3
ANO000521,2023-07-28,Appartement moderne Marrakech,marrakech,Inconnu,inconnu,location,2189.74,66.32,1.0,1.0,3.0,1990.0,33.01779252110977,36.0,Economique,Petit,2023,7,3
ANO000499,2024-12-13,Appartement 135m² Meknès,meknès,Inconnu,appartement,location,2940.21,135.15,3.0,2.0,9.0,2024.0,21.755160932297446,2.0,Economique,Moyen,2024,12,4
ANO001377,2023-10-07,Bureau à vente - Marrakech,marrakech,Medina,bureau,vente,905919.59,186.25,3.0,0.0,5.0,2008.0,4863.997798657718,18.0,Moyen,Grand,2023,10,4
ANO000228,2023-12-05,Appartement 71m² Hassan,rabat,Hassan,appartement,location,1658.06,71.89,3.0,1.0,0.0,2008.0,23.063847544860202,18.0,Economique,Petit,2023,12,4
ANO000854,2023-12-03,Appartement à vente - Tanger,tanger,Centre Ville,appartement,vente,2369708.06,59.65,2.0,2.0,0.0,2010.0,39726.8744341995,16.0,Haut Standing,Petit,2023,12,4
ANO001260,2024-08-15,Appartement moderne Rabat,rabat,Hassan,appartement,vente,402586.74,33.11,2.0,2.0,3.0,1998.0,12159.067955300514,28.0,Economique,Petit,2024,8,3
ANO000003,2024-12-22,Beau Duplex Rabat,rabat,Hay Riad,duplex,location,10990.11,188.37,3.0,1.0,5.0,1992.0,58.34320751712056,34.0,Economique,Grand,2024,12,4
ANO000223,2024-11-01,Villa moderne Meknès,meknès,Hamria,villa,vente,2072511.39,370.32,3.0,2.0,0.0,1988.0,5596.541882696047,38.0,Haut Standing,Grand,2024,11,4
ANO001160,2023-07-21,Appartement à location - Kenitra,kenitra,Hay Essalam,appartement,location,1189.29,113.84,2.0,1.0,2.0,2021.0,10.4470309205903,5.0,Economique,Moyen,2023,7,3
ANO000712,2024-01-12,Bureau à location - Casablanca,casablanca,Ain Diab,bureau,location,5746.9,105.84,0.0,0.0,8.0,1991.0,54.2979969765684,35.0,Economique,Moyen,2024,1,1
ANO000019,2024-07-03,Beau Bureau Fès,fès,Ville Nouvelle,bureau,vente,1612399.81,157.25,0.0,0.0,6.0,1987.0,10253.734880763117,39.0,Haut Standing,Grand,2024,7,3
ANO000253,2024-07-13,Appartement à vente - Marrakech,marrakech,Medina,appartement,vente,609198.15,89.62,2.0,1.0,4.0,2003.0,6797.5691809863865,23.0,Moyen,Moyen,2024,7,3
ANO001305,2024-01-26,Appartement 12m² Medina,marrakech,Medina,appartement,location,9615.15,12.0,1.0,1.0,2.0,1998.0,801.2624999999999,28.0,Economique,Petit,2024,1,1
ANO001234,2024-06-10,Villa 335m² Iberia,tanger,Iberia,villa,location,8354.56,335.21,6.0,4.0,0.0,2021.0,24.923361474896332,5.0,Economique,Grand,2024,6,2
ANO001418,2023-08-12,Appartement à vente - Kenitra,kenitra,Hay Essalam,appartement,vente,2084267.39,90.24,4.0,1.0,1.0,2001.0,23096.93472960993,25.0,Haut Standing,Moyen,2023,8,3
ANO000186,2024-11-19,Beau Villa Marrakech,marrakech,Hivernage,villa,inconnu,1994061.52,210.99,4.0,3.0,1.0,2008.0,9450.97644438125,18.0,Haut Standing,Grand,2024,11,4
ANO001420,2023-05-17,Villa 242m² Maarif,casablanca,Maarif,villa,vente,2912247.91,242.66,5.0,3.0,0.0,1986.0,12001.351314596555,40.0,Haut Standing,Grand,2023,5,2
ANO001055,2023-10-22,Appartement 67m² Hassan,rabat,Hassan,appartement,vente,494909.16,67.63,4.0,2.0,2.0,1982.0,7317.8938340972945,44.0,Economique,Petit,2023,10,4
ANO001334,2023-10-02,Villa moderne Kenitra,kenitra,Centre,villa,location,120.0,180.92,5.0,3.0,0.0,2009.0,0.6632765863365023,17.0,Economique,Grand,2023,10,4
ANO000418,2024-05-24,Duplex 50m² Rabat,rabat,Inconnu,duplex,location,9200.47,50.31,4.0,2.0,1.0,2005.0,182.87557145696678,21.0,Economique,Petit,2024,5,2
ANO001294,2024-08-11,Bureau 132m² Medina,marrakech,Medina,bureau,vente,1121487.74,132.07,3.0,0.0,6.0,2011.0,8491.616112667525,15.0,Moyen,Moyen,2024,8,3
ANO000239,2024-12-20,Villa moderne Tétouan,tétouan,Centre,villa,vente,5943547.95,338.26,3.0,2.0,0.0,2008.0,17570.945278779636,18.0,Luxe,Grand,2024,12,4
ANO000020,2024-12-26,Villa à location - Meknès,meknès,Inconnu,villa,location,22144.73,276.5,5.0,3.0,0.0,2017.0,80.08943942133816,9.0,Economique,Grand,2024,12,4
ANO001298,2024-08-14,Beau Terrain Kenitra,kenitra,Inconnu,terrain,vente,974771.4,204.01,0.0,0.0,0.0,1994.0,4778.056957992256,32.0,Moyen,Grand,2024,8,3
ANO001309,2023-12-22,Villa à vente - Meknès,meknès,Inconnu,villa,vente,2068670.24,223.09,5.0,2.0,1.0,2017.0,9272.80577345466,9.0,Haut Standing,Grand,2023,12,4
ANO001277,2023-06-17,Terrain à location - Kenitra,kenitra,Inconnu,terrain,location,4618.27,357.71,0.0,0.0,0.0,2008.0,12.910653881635964,18.0,Economique,Grand,2023,6,2
ANO001355,2024-12-26,Villa moderne Casablanca,casablanca,Inconnu,villa,location,18294.54,2500.0,5.0,3.0,0.0,1985.0,7.3178160000000005,41.0,Economique,Grand,2024,12,4
ANO000450,2023-05-17,Appartement à vente - Meknès,meknès,Ville Nouvelle,appartement,vente,2373727.96,50.83,4.0,2.0,2.0,2008.0,46699.34999016329,18.0,Haut Standing,Petit,2023,5,2
ANO000464,2024-08-06,Beau Appartement Tétouan,tétouan,Centre,appartement,vente,459589.86,96.5,4.0,3.0,1.0,2004.0,4762.5892227979275,22.0,Economique,Moyen,2024,8,3
ANO000913,2023-08-05,Appartement moderne Fès,fès,Inconnu,appartement,inconnu,7463.78,93.56,1.0,1.0,1.0,2023.0,79.7753313381787,3.0,Economique,Moyen,2023,8,3
ANO000396,2024-05-04,Appartement moderne Rabat,rabat,Hassan,inconnu,vente,662892.54,60.44,3.0,1.0,2.0,1996.0,10967.778623428194,30.0,Moyen,Petit,2024,5,2
ANO000270,2023-04-22,Appartement 116m² M'diq,tétouan,M'diq,appartement,vente,492550.17,116.39,2.0,1.0,4.0,2002.0,4231.894234899905,24.0,Economique,Moyen,2023,4,2
ANO000843,2023-05-08,Appartement à location - Tétouan,tétouan,Inconnu,appartement,location,8672.15,100.17,4.0,2.0,1.0,2024.0,86.57432364979535,2.0,Economique,Moyen,2023,5,2
ANO000943,2024-11-11,Appartement moderne Tétouan,tétouan,M'diq,appartement,vente,2498756.69,83.45,3.0,1.0,0.0,2017.0,29943.159856201317,9.0,Haut Standing,Moyen,2024,11,4
ANO000138,2023-09-23,Villa moderne Marrakech,marrakech,Medina,villa,vente,4313036.86,127.27,4.0,2.0,0.0,2008.0,33888.87294727744,18.0,Luxe,Moyen,2023,9,3
ANO000382,2024-09-27,Beau Terrain Oujda,oujda,Centre,terrain,vente,837672.94,279.23,0.0,0.0,0.0,2010.0,2999.9389034129567,16.0,Moyen,Grand,2024,9,3
ANO001477,2023-09-11,Beau Appartement Fès,fès,Ville Nouvelle,appartement,location,8163.98,72.93,3.0,1.0,1.0,1973.0,111.94268476621416,53.0,Economique,Petit,2023,9,3
ANO000439,2024-02-16,Appartement moderne Fès,fès,Inconnu,appartement,vente,2004141.05,52.2,1.0,1.0,1.0,1984.0,38393.50670498084,42.0,Haut Standing,Petit,2024,2,1
ANO000330,2024-05-27,Beau Bureau Rabat,rabat,Ocean,bureau,location,6203.78,111.16,0.0,0.0,1.0,2000.0,55.8094638359122,26.0,Economique,Moyen,2024,5,2
ANO000105,2023-03-01,Villa 315m² Hay Essalam,kenitra,Hay Essalam,villa,vente,2612708.17,315.08,3.0,3.0,0.0,2020.0,8292.205693792053,6.0,Haut Standing,Grand,2023,3,1
ANO000421,1900-01-01,Duplex moderne Tétouan,tétouan,M'diq,duplex,vente,2134996.15,153.8,3.0,1.0,1.0,2014.0,13881.63946684005,12.0,Haut Standing,Grand,1900,1,1
ANO001180,2024-07-17,Appartement à vente - Casablanca,casablanca,Californie,appartement,vente,452511.72,83.77,3.0,1.0,2.0,1997.0,5401.835024471768,29.0,Economique,Moyen,2024,7,3
ANO000378,2023-11-20,Beau Appartement Casablanca,casablanca,Hay Mohammadi,appartement,vente,600630.49,125.34,2.0,1.0,0.0,2006.0,4792.009653741822,20.0,Moyen,Moyen,2023,11,4
ANO000680,2024-07-18,Appartement moderne Kenitra,kenitra,Inconnu,appartement,vente,488924.36,84.36,2.0,2.0,3.0,1995.0,5795.689426268374,31.0,Economique,Moyen,2024,7,3
ANO000950,2024-11-06,Appartement 69m² Centre,tétouan,Centre,appartement,vente,449528.51,69.8,2.0,1.0,0.0,2005.0,6440.2365329512895,21.0,Economique,Petit,2024,11,4
ANO001120,2024-03-17,Villa à vente - Agadir,agadir,Inconnu,villa,vente,2806898.86,286.65,3.0,2.0,0.0,2002.0,9792.076957962672,24.0,Haut Standing,Grand,2024,3,1
ANO001254,2023-03-24,Appartement moderne Tétouan,tétouan,Inconnu,appartement,vente,547326.52,93.05,2.0,1.0,3.0,2009.0,5882.068995163891,17.0,Moyen,Moyen,2023,3,1
ANO001136,2023-08-12,Villa 304m² Hay Riad,rabat,Hay Riad,villa,vente,2201630.87,304.57,3.0,3.0,0.0,2001.0,7228.653084676758,25.0,Haut Standing,Grand,2023,8,3
ANO000297,2023-09-02,Beau Appartement Rabat,rabat,Hay Riad,appartement,inconnu,620878.58,112.72,2.0,2.0,0.0,2012.0,5508.1492193044705,14.0,Moyen,Moyen,2023,9,3
ANO000827,2023-03-11,Beau Villa Tétouan,tétouan,Inconnu,villa,vente,1530697.1,305.43,3.0,1.0,0.0,2005.0,5011.613462986609,21.0,Haut Standing,Grand,2023,3,1
ANO000456,2024-03-14,Beau Villa Kenitra,kenitra,Centre,villa,vente,5762205.64,247.82,3.0,1.0,0.0,2002.0,23251.57630538294,24.0,Luxe,Grand,2024,3,1
ANO000482,2023-03-17,Appartement à vente - Oujda,oujda,Centre,appartement,vente,1481267.22,94.99,2.0,1.0,1.0,2004.0,15593.927992420255,22.0,Moyen,Moyen,2023,3,1
ANO000694,2024-10-18,Appartement moderne Casablanca,casablanca,Inconnu,appartement,vente,1819924.29,85.01,3.0,2.0,2.0,2009.0,21408.355369956476,17.0,Haut Standing,Moyen,2024,10,4
ANO000416,2023-05-06,Terrain moderne Kenitra,kenitra,Inconnu,inconnu,vente,432817.92,304.09,0.0,0.0,0.0,2003.0,1423.3217797362624,23.0,Economique,Grand,2023,5,2
ANO000085,2023-11-23,Terrain moderne Fès,fès,Medina,terrain,vente,1436646.86,423.9,0.0,0.0,0.0,1977.0,3389.1173861759853,49.0,Moyen,Grand,2023,11,4
ANO001491,2023-01-10,Appartement moderne Casablanca,casablanca,Ain Diab,appartement,vente,588782.26,117.1,2.0,2.0,1.0,2019.0,5028.029547395389,7.0,Moyen,Moyen,2023,1,1
ANO000973,2024-12-28,Appartement à vente - Tétouan,tétouan,Inconnu,appartement,vente,528932.33,101.72,1.0,1.0,4.0,2008.0,5199.885273299253,18.0,Moyen,Moyen,2024,12,4
ANO001412,2023-11-21,Terrain à vente - Tétouan,tétouan,M'diq,terrain,vente,45000.0,112.44,0.0,0.0,0.0,2000.0,400.213447171825,26.0,Economique,Moyen,2023,11,4
ANO000668,2023-01-12,Appartement 65m² Hay Mohammadi,agadir,Hay Mohammadi,appartement,vente,532657.76,65.19,3.0,2.0,3.0,2007.0,8170.850743979138,19.0,Moyen,Petit,2023,1,1
ANO000144,2024-12-22,Appartement moderne Tétouan,tétouan,Centre,appartement,vente,338951.26,55.42,2.0,1.0,1.0,2008.0,6116.045831829664,18.0,Economique,Petit,2024,12,4
ANO000729,2023-10-23,Appartement à vente - Agadir,agadir,Talborjt,appartement,vente,284576.57,123.34,1.0,1.0,8.0,1998.0,2307.2528782227987,28.0,Economique,Moyen,2023,10,4
ANO000525,2024-08-05,Appartement à vente - Fès,fès,Medina,appartement,vente,585226.95,51.09,3.0,2.0,0.0,2006.0,11454.823840281853,20.0,Moyen,Petit,2024,8,3
ANO001071,2023-02-25,Villa moderne Tétouan,tétouan,M'diq,villa,vente,7775240.5,155.76,4.0,2.0,0.0,2023.0,49918.08230611197,3.0,Luxe,Grand,2023,2,1
ANO000023,2024-12-05,Terrain 420m² Ain Diab,casablanca,Ain Diab,terrain,vente,778396.96,420.42,0.0,0.0,0.0,2005.0,1851.4746206174775,21.0,Moyen,Grand,2024,12,4
ANO000681,2024-07-06,Villa 217m² Medina,marrakech,Medina,villa,location,19831.72,217.26,5.0,2.0,0.0,2005.0,91.281045751634,21.0,Economique,Grand,2024,7,3
ANO000159,2024-11-24,Bureau moderne Tétouan,tétouan,Centre,bureau,vente,1857987.09,110.04,0.0,0.0,1.0,2014.0,16884.65185387132,12.0,Haut Standing,Moyen,2024,11,4
ANO000531,1900-01-01,Appartement moderne Tétouan,tétouan,Inconnu,appartement,vente,421343.32,15.0,4.0,2.0,6.0,2013.0,28089.554666666667,13.0,Economique,Petit,1900,1,1
ANO001369,2024-09-07,Beau Appartement Rabat,rabat,Hay Riad,appartement,vente,542483.25,91.08,3.0,1.0,0.0,2008.0,5956.118247694335,18.0,Moyen,Moyen,2024,9,3
ANO000568,2023-12-22,Appartement 100m² Oujda,oujda,Inconnu,appartement,location,2434.81,100.87,20.0,13.0,6.0,2018.0,24.138098542678694,8.0,Economique,Moyen,2023,12,4
ANO000666,2023-09-30,Terrain 296m² Hassan,rabat,Hassan,inconnu,vente,1121045.07,296.82,0.0,0.0,0.0,1986.0,3776.8515261774814,40.0,Moyen,Grand,2023,9,3
ANO001152,2023-05-27,Appartement 15m² Meknès,meknès,Inconnu,appartement,location,7103.03,15.0,3.0,2.0,0.0,2024.0,473.5353333333333,2.0,Economique,Petit,2023,5,2
ANO001099,2023-04-25,Duplex moderne Tétouan,tétouan,Centre,duplex,vente,1075787.01,96.23,2.0,2.0,5.0,2008.0,11179.330873947833,18.0,Moyen,Moyen,2023,4,2
ANO001128,2024-12-17,Terrain à vente - Casablanca,casablanca,Bourgogne,terrain,vente,1157164.58,325.51,0.0,0.0,0.0,2015.0,3554.9278977604376,11.0,Moyen,Grand,2024,12,4
ANO001177,2024-06-22,Appartement à vente - Tanger,tanger,Iberia,appartement,vente,330198.13,58.72,3.0,2.0,6.0,2021.0,5623.2651566757495,5.0,Economique,Petit,2024,6,2
ANO000477,2023-05-08,Beau Appartement Fès,fès,Inconnu,appartement,location,7645.99,2500.0,3.0,1.0,5.0,2008.0,3.058396,18.0,Economique,Grand,2023,5,2
ANO000753,2024-08-17,Bureau à location - Marrakech,marrakech,Inconnu,bureau,location,6219.02,103.17,0.0,0.0,8.0,1989.0,60.2793447707667,37.0,Economique,Moyen,2024,8,3
ANO001203,2024-10-15,Beau Appartement Rabat,rabat,Souissi,appartement,vente,456417.65,112.05,3.0,1.0,1.0,1979.0,4073.3391343150383,47.0,Economique,Moyen,2024,10,4
ANO000509,2024-11-03,Duplex moderne Tétouan,tétouan,M'diq,duplex,vente,1576675.93,204.44,4.0,2.0,5.0,2024.0,7712.16948738016,2.0,Haut Standing,Grand,2024,11,4
ANO000275,2024-09-16,Villa à location - Rabat,rabat,Inconnu,villa,location,13397.8,220.97,4.0,3.0,0.0,1993.0,60.631759967416386,33.0,Economique,Grand,2024,9,3
ANO000145,2023-08-16,Appartement moderne Marrakech,marrakech,Targa,appartement,vente,517671.18,102.94,3.0,1.0,0.0,2008.0,5028.863221293957,18.0,Moyen,Moyen,2023,8,3
ANO001383,2024-05-05,Beau Terrain Marrakech,marrakech,Hivernage,terrain,location,3666.05,288.62,0.0,0.0,0.0,2005.0,12.701995703693438,21.0,Economique,Grand,2024,5,2
ANO000602,2023-07-25,Bureau à vente - Tétouan,tétouan,Inconnu,bureau,vente,594514.24,47.87,0.0,0.0,0.0,1997.0,12419.349070398997,29.0,Moyen,Petit,2023,7,3
ANO000708,2023-01-01,Villa moderne Agadir,agadir,Inconnu,villa,vente,2592302.14,248.46,6.0,4.0,0.0,2007.0,10433.478789342349,19.0,Haut Standing,Grand,2023,1,1
ANO001350,2024-08-31,Terrain à location - Tétouan,tétouan,M'diq,terrain,location,6577.59,287.48,0.0,0.0,0.0,2013.0,22.880165576735774,13.0,Economique,Grand,2024,8,3
ANO000445,2024-11-16,Appartement à location - Casablanca,casablanca,Bourgogne,appartement,location,2097.55,122.27,2.0,1.0,3.0,2002.0,17.15506665576184,24.0,Economique,Moyen,2024,11,4
ANO001092,2023-07-28,Appartement moderne Tanger,tanger,Inconnu,appartement,vente,636536.24,62.09,3.0,1.0,1.0,2020.0,10251.8318569818,6.0,Moyen,Petit,2023,7,3
ANO000759,2023-02-18,Beau Terrain Rabat,rabat,Hay Riad,terrain,vente,473826.22,169.7,20.0,0.0,0.0,2010.0,2792.1403653506186,16.0,Economique,Grand,2023,2,1
ANO001139,2023-08-26,Duplex 142m² Ville Nouvelle,meknès,Ville Nouvelle,duplex,location,5879.72,142.65,2.0,1.0,7.0,2016.0,41.21780581843673,10.0,Economique,Moyen,2023,8,3
ANO000878,1900-01-01,Beau Appartement Marrakech,marrakech,Gueliz,appartement,vente,605582.18,89.93,3.0,2.0,2.0,2012.0,6733.928388746803,14.0,Moyen,Moyen,1900,1,1
ANO001225,2024-02-22,Appartement 105m² Ville Nouvelle,fès,Ville Nouvelle,appartement,vente,412837.68,105.5,2.0,1.0,1.0,1999.0,3913.15336492891,27.0,Economique,Moyen,2024,2,1
ANO001178,2024-03-29,Villa moderne Marrakech,marrakech,Inconnu,villa,location,12515.4,241.73,5.0,1.0,0.0,2008.0,51.77429363339263,18.0,Economique,Grand,2024,3,1
ANO001378,2023-09-13,Villa à vente - Fès,fès,Zouagha,villa,vente,6003431.9,335.63,5.0,3.0,0.0,2019.0,17887.053898638384,7.0,Luxe,Grand,2023,9,3
ANO000842,2023-09-29,Beau Villa Kenitra,kenitra,Inconnu,villa,location,8172.94,323.74,5.0,3.0,0.0,2008.0,25.2453820967443,18.0,Economique,Grand,2023,9,3
ANO000178,2024-01-30,Bureau à vente - Oujda,oujda,Inconnu,bureau,vente,535391.98,117.36,0.0,0.0,2.0,2000.0,4561.9630197682345,26.0,Moyen,Moyen,2024,1,1
ANO000850,2023-09-27,Appartement moderne Marrakech,marrakech,Targa,appartement,location,7096.36,110.53,2.0,1.0,1.0,2024.0,64.2030218040351,2.0,Economique,Moyen,2023,9,3
ANO000789,2023-03-16,Beau Appartement Kenitra,kenitra,Centre,appartement,vente,474488.39,123.34,2.0,2.0,1.0,2005.0,3846.995216474785,21.0,Economique,Moyen,2023,3,1
ANO001300,2023-06-27,Villa 284m² Talborjt,agadir,Talborjt,villa,location,10221.1,284.35,5.0,2.0,1.0,2013.0,35.94548971338139,13.0,Economique,Grand,2023,6,2
ANO000299,2024-01-11,Villa 301m² Gueliz,marrakech,Gueliz,villa,location,11564.32,301.9,5.0,1.0,0.0,2008.0,38.30513415038092,18.0,Economique,Grand,2024,1,1
ANO000629,2024-02-21,Appartement 92m² Marrakech,marrakech,Inconnu,appartement,vente,546831.31,92.0,1.0,1.0,2.0,2003.0,5943.818586956522,23.0,Moyen,Moyen,2024,2,1
ANO001163,2024-08-29,Appartement moderne Agadir,agadir,Inconnu,appartement,vente,733623.42,101.62,3.0,2.0,1.0,2002.0,7219.281834284589,24.0,Moyen,Moyen,2024,8,3
ANO001403,2023-06-15,Appartement 15m² Malabata,tanger,Malabata,appartement,vente,2197625.57,15.0,4.0,2.0,1.0,2003.0,146508.3713333333,23.0,Haut Standing,Petit,2023,6,2
ANO001190,2023-12-19,Beau Duplex Tanger,tanger,Malabata,duplex,vente,2444590.81,161.22,3.0,2.0,6.0,2017.0,15163.07412231733,9.0,Haut Standing,Grand,2023,12,4
ANO000147,2024-10-20,Terrain moderne Kenitra,kenitra,Inconnu,terrain,location,1155.94,293.33,0.0,1.0,0.0,2008.0,3.9407493266968947,18.0,Economique,Grand,2024,10,4
ANO001138,2023-02-08,Beau Villa Tétouan,tétouan,M'diq,villa,vente,5395386.02,409.32,4.0,3.0,1.0,2003.0,13181.339831916348,23.0,Luxe,Grand,2023,2,1
ANO001349,2023-09-28,Villa à location - Fès,fès,Zouagha,villa,location,29594.61,216.79,6.0,3.0,0.0,2008.0,136.5128004059228,18.0,Economique,Grand,2023,9,3
ANO001354,2024-02-21,Bureau à vente - Kenitra,kenitra,Inconnu,bureau,vente,1105195.21,150.0,0.0,0.0,1.0,2012.0,7367.968066666666,14.0,Moyen,Moyen,2024,2,1
ANO001488,2023-01-29,Terrain 401m² Hay Qods,oujda,Hay Qods,terrain,vente,1354808.64,401.17,0.0,0.0,0.0,2019.0,3377.1434553929753,7.0,Moyen,Grand,2023,1,1
ANO000940,2023-10-24,Beau Appartement Agadir,agadir,Talborjt,appartement,location,2376.99,94.84,1.0,1.0,0.0,1994.0,25.063159004639388,32.0,Economique,Moyen,2023,10,4
ANO000053,2024-08-01,Villa 287m² Centre Ville,tanger,Centre Ville,villa,location,12531.55,287.91,4.0,2.0,0.0,2000.0,43.52592824146434,26.0,Economique,Grand,2024,8,3
ANO001330,2023-12-15,Appartement à vente - Casablanca,casablanca,Californie,appartement,vente,1780719.88,133.09,1.0,1.0,0.0,2008.0,13379.817266511382,18.0,Haut Standing,Moyen,2023,12,4
ANO000432,2024-06-28,Appartement 87m² Souissi,rabat,Souissi,appartement,vente,650618.89,87.05,3.0,1.0,0.0,1998.0,7474.082596209076,28.0,Moyen,Moyen,2024,6,2
ANO000584,2024-02-12,Beau Appartement Casablanca,casablanca,Non spécifié,appartement,vente,670125.53,17.42,3.0,1.0,1.0,2010.0,38468.744546498274,16.0,Moyen,Petit,2024,2,1
ANO000001,2024-10-16,Appartement à location - Rabat,rabat,Hassan,appartement,location,2438.42,81.54,2.0,1.0,1.0,2009.0,29.904586705911207,17.0,Economique,Moyen,2024,10,4
ANO000912,2024-12-08,Appartement 134m² Marrakech,marrakech,Inconnu,appartement,vente,444422.28,134.68,2.0,1.0,4.0,2005.0,3299.838728838729,21.0,Economique,Moyen,2024,12,4
ANO001130,2023-08-22,Beau Appartement Oujda,oujda,Inconnu,appartement,location,8125.03,106.54,2.0,2.0,0.0,2011.0,76.26271822789562,15.0,Economique,Moyen,2023,8,3
ANO000350,1900-01-01,Villa moderne Tanger,tanger,Centre Ville,villa,vente,3635411.76,368.12,4.0,3.0,0.0,2021.0,9875.615994784308,5.0,Luxe,Grand,1900,1,1
ANO001479,2024-02-01,Beau Appartement Marrakech,marrakech,Gueliz,appartement,vente,483629.22,102.4,3.0,2.0,7.0,2019.0,4722.941601562499,7.0,Economique,Moyen,2024,2,1
ANO001302,2023-02-18,Beau Appartement Tétouan,tétouan,Inconnu,appartement,vente,436893.04,125.37,2.0,2.0,1.0,2008.0,3484.829225492542,18.0,Economique,Moyen,2023,2,1
ANO000862,1900-01-01,Beau Bureau Rabat,rabat,Souissi,bureau,vente,1689427.55,163.86,0.0,0.0,3.0,1990.0,10310.18888075186,36.0,Haut Standing,Grand,1900,1,1
ANO000043,2024-01-31,Appartement moderne Marrakech,marrakech,Gueliz,appartement,location,1724.54,70.84,1.0,1.0,4.0,2010.0,24.344155844155843,16.0,Economique,Petit,2024,1,1
ANO000802,2023-01-07,Beau Villa Casablanca,casablanca,Hay Mohammadi,villa,inconnu,5592517.33,383.88,5.0,1.0,0.0,2020.0,14568.399838491196,6.0,Luxe,Grand,2023,1,1
ANO001239,2023-09-02,Duplex 142m² Zouagha,fès,Zouagha,duplex,vente,2407582.45,142.09,4.0,3.0,6.0,2024.0,16944.06678865508,2.0,Haut Standing,Moyen,2023,9,3
ANO000982,1900-01-01,Villa à vente - Oujda,oujda,Hay Qods,villa,vente,2104748.45,275.92,4.0,3.0,1.0,2000.0,7628.111227892143,26.0,Haut Standing,Grand,1900,1,1
ANO000265,2024-09-29,Beau Villa Kenitra,kenitra,Centre,villa,vente,2335789.42,147.86,4.0,1.0,0.0,2008.0,15797.30434194508,18.0,Haut Standing,Moyen,2024,9,3
ANO001411,2023-05-24,Villa à location - Casablanca,casablanca,Ain Diab,villa,location,14574.71,358.45,5.0,2.0,0.0,1990.0,40.66037104198633,36.0,Economique,Grand,2023,5,2
ANO000793,2024-11-29,Bureau moderne Tanger,tanger,Iberia,bureau,vente,1056092.54,66.96,0.0,0.0,5.0,2006.0,15771.991338112308,20.0,Moyen,Petit,2024,11,4
ANO000890,2023-11-15,Appartement 98m² Bourgogne,casablanca,Bourgogne,appartement,location,1608.39,98.81,3.0,1.0,0.0,2009.0,16.277603481429004,17.0,Economique,Moyen,2023,11,4
ANO001078,2024-11-13,Appartement moderne Marrakech,marrakech,Medina,appartement,vente,306903.06,58.23,1.0,1.0,0.0,2024.0,5270.531684698609,2.0,Economique,Petit,2024,11,4
ANO000356,2024-09-17,Beau Terrain Tétouan,tétouan,Centre,terrain,vente,464099.03,144.64,0.0,0.0,1.0,2019.0,3208.6492671460182,7.0,Economique,Moyen,2024,9,3
ANO001156,2023-11-02,Appartement moderne Tétouan,tétouan,Centre,appartement,vente,389592.95,74.7,1.0,1.0,1.0,2011.0,5215.434404283802,15.0,Economique,Petit,2023,11,4
ANO001317,2023-04-25,Villa à vente - Tétouan,tétouan,Inconnu,villa,vente,5580010.05,147.68,3.0,3.0,0.0,2014.0,37784.4667524377,12.0,Luxe,Moyen,2023,4,2
ANO001154,2024-06-15,Appartement à location - Marrakech,marrakech,Medina,appartement,location,1637.61,127.39,3.0,2.0,0.0,2024.0,12.855090666457334,2.0,Economique,Moyen,2024,6,2
ANO000969,2023-07-06,Beau Appartement Meknès,meknès,Inconnu,appartement,vente,367939.16,103.76,3.0,2.0,0.0,2006.0,3546.059753276792,20.0,Economique,Moyen,2023,7,3
ANO000560,2023-07-10,Terrain 419m² Ville Nouvelle,fès,Ville Nouvelle,terrain,location,5025.58,419.8,0.0,0.0,0.0,1993.0,11.971367317770367,33.0,Economique,Grand,2023,7,3
ANO001044,2023-08-23,Beau Villa Rabat,rabat,Hassan,villa,vente,1994253.43,242.86,3.0,2.0,1.0,1999.0,8211.535164292183,27.0,Haut Standing,Grand,2023,8,3
ANO000710,2023-08-21,Appartement à vente - Oujda,oujda,Hay Qods,appartement,vente,2445728.68,102.88,1.0,1.0,1.0,2015.0,23772.634914463455,11.0,Haut Standing,Moyen,2023,8,3
ANO000709,2024-09-06,Villa 293m² Ville Nouvelle,fès,Ville Nouvelle,villa,vente,2211232.95,293.77,3.0,2.0,0.0,1982.0,7527.089049256222,44.0,Haut Standing,Grand,2024,9,3
ANO000315,2024-08-16,Villa à vente - Fès,fès,Medina,villa,vente,6975301.77,242.07,5.0,2.0,0.0,2024.0,28815.226050316025,2.0,Luxe,Grand,2024,8,3
ANO000717,2024-11-09,Appartement moderne Rabat,rabat,Agdal,appartement,location,2150.44,43.92,4.0,2.0,2.0,1997.0,48.962659380692166,29.0,Economique,Petit,2024,11,4
ANO000917,2023-03-17,Bureau moderne Tanger,tanger,Inconnu,bureau,vente,1354529.33,111.82,0.0,0.0,0.0,2024.0,12113.479967805402,2.0,Moyen,Moyen,2023,3,1
ANO000520,2024-01-01,Beau Bureau Tanger,tanger,Iberia,bureau,location,3514.91,179.71,0.0,0.0,4.0,2007.0,19.558789160313836,19.0,Economique,Grand,2024,1,1
ANO000522,2023-03-03,Appartement à location - Agadir,agadir,Inconnu,appartement,location,2624.34,103.42,2.0,1.0,3.0,2007.0,25.37555598530265,19.0,Economique,Moyen,2023,3,1
ANO000457,2024-11-02,Appartement 62m² Targa,marrakech,Targa,appartement,location,7290.75,62.88,2.0,1.0,0.0,2008.0,115.94704198473282,18.0,Economique,Petit,2024,11,4
ANO000799,2023-04-22,Appartement 48m² Talborjt,agadir,Talborjt,inconnu,vente,539987.44,48.76,1.0,1.0,3.0,2002.0,11074.39376538146,24.0,Moyen,Petit,2023,4,2
ANO001344,2024-07-17,Villa 318m² Hay Essalam,kenitra,Hay Essalam,villa,vente,7203192.69,318.98,6.0,4.0,0.0,1998.0,22581.957144648568,28.0,Luxe,Grand,2024,7,3
ANO000123,2024-08-14,Appartement à vente - Rabat,rabat,Ocean,appartement,vente,576891.1,85.31,2.0,2.0,3.0,2001.0,6762.291642245927,25.0,Moyen,Moyen,2024,8,3
ANO000317,2024-04-12,Beau Duplex Tétouan,tétouan,Inconnu,duplex,vente,1772648.39,162.17,4.0,2.0,7.0,2008.0,10930.803416168219,18.0,Haut Standing,Grand,2024,4,2
ANO000099,2024-07-31,Appartement moderne Rabat,rabat,Ocean,appartement,vente,592841.86,67.68,3.0,1.0,0.0,2013.0,8759.483747044917,13.0,Moyen,Petit,2024,7,3
ANO000992,1900-01-01,Appartement à vente - Oujda,oujda,Centre,appartement,vente,788473.12,107.78,3.0,2.0,0.0,2010.0,7315.579142698089,16.0,Moyen,Moyen,1900,1,1
ANO000909,2023-08-29,Appartement 85m² Targa,marrakech,Targa,appartement,vente,2785034.88,85.09,2.0,1.0,4.0,2018.0,32730.460453637323,8.0,Haut Standing,Moyen,2023,8,3
ANO001393,2024-07-11,Appartement à vente - Meknès,meknès,Hamria,appartement,vente,548885.37,92.67,4.0,2.0,6.0,2024.0,5923.010359339592,2.0,Moyen,Moyen,2024,7,3
ANO000619,1900-01-01,Appartement moderne Fès,fès,Inconnu,appartement,vente,670069.88,68.23,3.0,2.0,1.0,2020.0,9820.751575553275,6.0,Moyen,Petit,1900,1,1
ANO000621,2023-01-27,Beau Villa Tanger,tanger,Malabata,villa,vente,2132845.63,314.86,4.0,3.0,0.0,2016.0,6773.949152004065,10.0,Haut Standing,Grand,2023,1,1
ANO000735,2023-04-08,Beau Bureau Agadir,agadir,Centre,bureau,vente,1487903.18,68.27,0.0,0.0,4.0,2002.0,21794.392558957083,24.0,Moyen,Petit,2023,4,2
ANO000540,2024-10-07,Appartement moderne Meknès,meknès,Inconnu,appartement,vente,459785.07,74.34,2.0,2.0,1.0,2019.0,6184.894673123486,7.0,Economique,Petit,2024,10,4
ANO000783,2024-02-15,Appartement moderne Rabat,rabat,Agdal,appartement,vente,1808465.02,63.43,1.0,1.0,0.0,2010.0,28511.193756897366,16.0,Haut Standing,Petit,2024,2,1
ANO000592,2024-10-22,Appartement moderne Agadir,agadir,Hay Mohammadi,appartement,vente,573352.89,66.44,3.0,1.0,1.0,1999.0,8629.634105960266,27.0,Moyen,Petit,2024,10,4
ANO001157,2024-01-05,Appartement à location - Marrakech,marrakech,Hivernage,appartement,location,1981.82,79.53,4.0,3.0,3.0,2009.0,24.919150006286934,17.0,Economique,Petit,2024,1,1
ANO000333,2023-08-30,Beau Bureau Agadir,agadir,Hay Mohammadi,bureau,vente,1919074.61,145.63,0.0,0.0,0.0,2005.0,13177.742292110142,21.0,Haut Standing,Moyen,2023,8,3
ANO001089,2024-06-05,Villa 405m² Ain Diab,casablanca,Ain Diab,villa,location,10130.83,405.3,5.0,3.0,1.0,1986.0,24.99587959536146,40.0,Economique,Grand,2024,6,2
ANO001290,2024-02-23,Beau Appartement Fès,fès,Medina,appartement,vente,748434.07,88.5,3.0,2.0,1.0,2014.0,8456.882146892654,12.0,Moyen,Moyen,2024,2,1
